Assembly Name	Assembly Accession	Assembly Paired Assembly Accession	Organism Name	Organism Taxonomic ID	ANI Check status	Organism Infraspecific Names Breed	Organism Infraspecific Names Strain	Organism Infraspecific Names Cultivar	Organism Infraspecific Names Ecotype	Organism Infraspecific Names Isolate	Organism Infraspecific Names Sex	Annotation Name	Annotation Pipeline	Annotation Release Date	Assembly Stats Total Sequence Length	Assembly Stats Total Number of Chromosomes	Assembly Stats Number of Contigs	Assembly Level	Assembly Release Date	WGS project accession	Assembly Stats Contig N50	Assembly Stats Scaffold N50	Assembly Stats Number of Scaffolds	Assembly Stats GC Percent	Annotation BUSCO Complete	Annotation BUSCO Single Copy	Annotation BUSCO Duplicated	Annotation BUSCO Fragmented	Annotation BUSCO Missing	Annotation BUSCO Lineage	Assembly Sequencing Tech	Assembly Submitter	Assembly BioProject Accession	Assembly BioSample Accession	Annotation Count Gene Total	Annotation Count Gene Protein-coding	Annotation Count Gene Pseudogene	Type Material Display Text	CheckM marker set	CheckM completeness	CheckM contamination
ASM702v1	GCA_000007025.1	GCF_000007025.1	Rickettsia conorii str. Malish 7	272944	OK		Malish 7					Annotation submitted by CNRS		2013-06-06	1268755	1	1	Complete Genome	2002-11-25		1268755	1268755	1	32.5								CNRS	PRJNA42	SAMN02603141	1414	1374	2	assembly from type material	Rickettsia	99.86	0.23
ASM702v1	GCF_000007025.1	GCA_000007025.1	Rickettsia conorii str. Malish 7	272944	OK		Malish 7					GCF_000007025.1-RS_2025_01_08	NCBI Prokaryotic Genome Annotation Pipeline (PGAP)	2025-01-08	1268755	1	1	Complete Genome	2002-11-25		1268755	1268755	1	32.5								CNRS	PRJNA42	SAMN02603141	1468	1331	97	assembly from type material	Rickettsia	99.86	0.23
ASM28359v1	GCA_000283595.1	GCF_000283595.1	Rickettsia japonica YH	652620	OK		YH					Annotation submitted by Yamaguchi University		2016-10-07	1283087	1	1	Complete Genome	2011-09-30		1283087	1283087	1	32.5								Yamaguchi University	PRJDA38487	SAMD00060967	1010	971		assembly from type material	Rickettsia	98.34	
ASM28359v1	GCF_000283595.1	GCA_000283595.1	Rickettsia japonica YH	652620	OK		YH					GCF_000283595.1-RS_2026_01_08	NCBI Prokaryotic Genome Annotation Pipeline (PGAP)	2026-01-08	1283087	1	1	Complete Genome	2011-09-30		1283087	1283087	1	32.5								Yamaguchi University	PRJDA38487	SAMD00060967	1484	1292	152	assembly from type material	Rickettsia	98.34	
ASM1214v1	GCA_000012145.1	GCF_000012145.1	Rickettsia felis Marseille-URRWFXCal2	315456	Inconclusive		URRWXCal2; California 2					Annotation submitted by CNRS		2014-01-30	1587240	3	3	Complete Genome	2005-06-07		1485148	1485148	3	32.5								CNRS	PRJNA13884	SAMN02603143	1551	1512		assembly from type material	Rickettsia	98.6	0.96
ASM1214v1	GCF_000012145.1	GCA_000012145.1	Rickettsia felis Marseille-URRWFXCal2	315456	Inconclusive		URRWXCal2; California 2					GCF_000012145.1-RS_2026_05_13	NCBI Prokaryotic Genome Annotation Pipeline (PGAP)	2026-05-13	1587240	3	3	Complete Genome	2005-06-07		1485148	1485148	3	32.5								CNRS	PRJNA13884	SAMN02603143	1659	1430	189	assembly from type material	Rickettsia	98.6	0.96
ASM28407v1	GCA_000284075.1	GCF_000284075.1	Rickettsia rhipicephali str. 3-7-female6-CWPP	1105113	Inconclusive		3-7-female6-CWPP					Annotation submitted by Los Alamos National Laboratory		2016-07-26	1305467	2	2	Complete Genome	2012-03-01		1290368	1290368	2	32.5								Los Alamos National Laboratory	PRJNA75041	SAMN02603560	1302	1266		assembly from type material	Rickettsia	99.92	
ASM28407v1	GCF_000284075.1	GCA_000284075.1	Rickettsia rhipicephali str. 3-7-female6-CWPP	1105113	Inconclusive		3-7-female6-CWPP					GCF_000284075.1-RS_2026_01_08	NCBI Prokaryotic Genome Annotation Pipeline (PGAP)	2026-01-08	1305467	2	2	Complete Genome	2012-03-01		1290368	1290368	2	32.5								Los Alamos National Laboratory	PRJNA75041	SAMN02603560	1499	1271	188	assembly from type material	Rickettsia	99.92	
ASM1238v1	GCA_000012385.1	GCF_000012385.1	Rickettsia bellii RML369-C	336407	OK		RML369-C					Annotation submitted by CNRS		2014-01-30	1522076	1	1	Complete Genome	2006-04-05		1522076	1522076	1	31.5								CNRS	PRJNA13996	SAMN02603144	1469	1429		assembly from type material	Rickettsia	98.11	0.79
ASM1238v1	GCF_000012385.1	GCA_000012385.1	Rickettsia bellii RML369-C	336407	OK		RML369-C					GCF_000012385.1-RS_2025_01_08	NCBI Prokaryotic Genome Annotation Pipeline (PGAP)	2025-01-08	1522076	1	1	Complete Genome	2006-04-05		1522076	1522076	1	31.5								CNRS	PRJNA13996	SAMN02603144	1539	1426	73	assembly from type material	Rickettsia	98.11	0.79
ASM16693v1	GCA_000166935.1	GCF_000166935.1	Rickettsia sibirica 246	272951	OK		246					Annotation submitted by Univ. of Maryland		2013-05-28	1250021	1	1	Complete Genome	2003-02-06	AABW01	1250021	1250021	1	32.5								Univ. of Maryland	PRJNA1414	SAMN02393728	1234	1234		assembly from type material	Rickettsia	99.88	
ASM16693v1	GCF_000166935.1	GCA_000166935.1	Rickettsia sibirica 246	272951	OK		246					GCF_000166935.1-RS_2026_01_08	NCBI Prokaryotic Genome Annotation Pipeline (PGAP)	2026-01-08	1250021	1	1	Complete Genome	2003-02-06	AABW01	1250021	1250021	1	32.5								Univ. of Maryland	PRJNA1414	SAMN02393728	1437	1312	85	assembly from type material	Rickettsia	99.88	
RMONA_1	GCA_000499665.2	GCF_000499665.2	Rickettsia monacensis	109232	Inconclusive		IrR/Munich					Annotation submitted by UMENT		2017-08-22	1353450	1	1	Complete Genome	2015-01-22		1353450	1353450	1	32.5								UMENT	PRJEB4369	SAMEA4532341	1694	1640	19	assembly from type material	Rickettsia	95.52	0.23
RMONA_1	GCF_000499665.2	GCA_000499665.2	Rickettsia monacensis	109232	Inconclusive		IrR/Munich					GCF_000499665.2-RS_2026_01_08	NCBI Prokaryotic Genome Annotation Pipeline (PGAP)	2026-01-08	1353450	1	1	Complete Genome	2015-01-22		1353450	1353450	1	32.5								UMENT	PRJEB4369	SAMEA4532341	1579	1289	251	assembly from type material	Rickettsia	95.52	0.23
ASM23784v1	GCA_000237845.1	GCF_000237845.1	Rickettsia slovaca 13-B	941638	Inconclusive		13-B					Annotation submitted by CNRS		2014-01-30	1275089	1	1	Complete Genome	2011-12-13		1275089	1275089	1	32.5								CNRS	PRJNA15712	SAMN02603145	1325	1114	172	assembly from type material	Rickettsia slovaca	97.2	0.24
ASM23784v1	GCF_000237845.1	GCA_000237845.1	Rickettsia slovaca 13-B	941638	Inconclusive		13-B					GCF_000237845.1-RS_2026_01_08	NCBI Prokaryotic Genome Annotation Pipeline (PGAP)	2026-01-08	1275089	1	1	Complete Genome	2011-12-13		1275089	1275089	1	32.5								CNRS	PRJNA15712	SAMN02603145	1476	1337	99	assembly from type material	Rickettsia slovaca	97.2	0.24
ASM804v1	GCA_000008045.1	GCF_000008045.1	Rickettsia typhi str. Wilmington	257363	OK		Wilmington					Annotation submitted by Human Genome Sequencing Center, Baylor College of Medicine		2014-01-30	1111496	1	1	Complete Genome	2004-08-19		1111496	1111496	1	29								Human Genome Sequencing Center, Baylor College of Medicine	PRJNA10679	SAMN02603327	919	838	42	assembly from type material	Rickettsia typhi	98.16	0.11
ASM804v1	GCF_000008045.1	GCA_000008045.1	Rickettsia typhi str. Wilmington	257363	OK		Wilmington					GCF_000008045.1-RS_2025_01_08	NCBI Prokaryotic Genome Annotation Pipeline (PGAP)	2025-01-08	1111496	1	1	Complete Genome	2004-08-19		1111496	1111496	1	29								Human Genome Sequencing Center, Baylor College of Medicine	PRJNA10679	SAMN02603327	877	805	32	assembly from type material	Rickettsia typhi	98.16	0.11
ASM1674379v2	GCA_016743795.2	GCF_016743795.2	Rickettsia tillamookensis	2761623	OK		Tillamook 23					Annotation submitted by Old Dominion University		2022-11-21	1438972	1	1	Complete Genome	2022-11-21		1438972	1438972	1	32.5							PacBio	Old Dominion University	PRJNA656185	SAMN15767941	1382	1346		assembly from type material	Rickettsia	98.85	0.36
ASM1674379v2	GCF_016743795.2	GCA_016743795.2	Rickettsia tillamookensis	2761623	OK		Tillamook 23					GCF_016743795.2-RS_2026_01_08	NCBI Prokaryotic Genome Annotation Pipeline (PGAP)	2026-01-08	1438972	1	1	Complete Genome	2022-11-21		1438972	1438972	1	32.5							PacBio	Old Dominion University	PRJNA656185	SAMN15767941	1417	1250	127	assembly from type material	Rickettsia	98.85	0.36
NCSU_Rfin	GCA_043099335.2	GCF_043099335.2	Rickettsia finnyi	3348345	Inconclusive		2024-CO-Wats					NCBI Prokaryotic Genome Annotation Pipeline (PGAP)	NCBI Prokaryotic Genome Annotation Pipeline (PGAP)	2025-05-19	1270764	1	1	Complete Genome	2024-10-14		1270764	1270764	1	32.5							PacBio	North Carolina State University, College of Veterinary Medicine	PRJNA1162074	SAMN43800088	1424	1236	148	assembly from type material	Rickettsia	99.4	0.23
NCSU_Rfin	GCF_043099335.2	GCA_043099335.2	Rickettsia finnyi	3348345	Inconclusive		2024-CO-Wats					GCF_043099335.2-RS_2025_05_29	NCBI Prokaryotic Genome Annotation Pipeline (PGAP)	2025-05-29	1270764	1	1	Complete Genome	2024-10-14		1270764	1270764	1	32.5							PacBio	North Carolina State University, College of Veterinary Medicine	PRJNA1162074	SAMN43800088	1424	1236	148	assembly from type material	Rickettsia	99.4	0.23
ASM5624267v1	GCA_056242675.1	GCF_056242675.1	Rickettsia lanei	3374102	Inconclusive		HLP 7421					NCBI Prokaryotic Genome Annotation Pipeline (PGAP)	NCBI Prokaryotic Genome Annotation Pipeline (PGAP)	2024-10-28	1270740	1	1	Complete Genome	2025-08-05		1270740	1270740	1	32.5							PacBio Sequel	Centers for Disease Control and Prevention	PRJNA1174759	SAMN44346830	1499	1323	136	assembly from type material	Rickettsia	99.33	0.23
ASM5624267v1	GCF_056242675.1	GCA_056242675.1	Rickettsia lanei	3374102	Inconclusive		HLP 7421					GCF_056242675.1-RS_2026_03_24	NCBI Prokaryotic Genome Annotation Pipeline (PGAP)	2026-03-24	1270740	1	1	Complete Genome	2025-08-05		1270740	1270740	1	32.5							PacBio Sequel	Centers for Disease Control and Prevention	PRJNA1174759	SAMN44346830	1462	1301	121	assembly from type material	Rickettsia	99.33	0.23
NCSU_Roklah_1	GCA_039954865.1	GCF_039954865.1	Rickettsia oklahomensis	3141789	OK		Oklahoma 10					NCBI Prokaryotic Genome Annotation Pipeline (PGAP)	NCBI Prokaryotic Genome Annotation Pipeline (PGAP)	2024-05-24	1172310	1	1	Complete Genome	2024-05-30		1172310	1172310	1	30.5							PacBio	North Carolina State University, College of Veterinary Medicine	PRJNA1103224	SAMN41048453	1037	915	82	assembly from type material	Rickettsia	96.34	0.23
NCSU_Roklah_1	GCF_039954865.1	GCA_039954865.1	Rickettsia oklahomensis	3141789	OK		Oklahoma 10					GCF_039954865.1-RS_2025_06_08	NCBI Prokaryotic Genome Annotation Pipeline (PGAP)	2025-06-08	1172310	1	1	Complete Genome	2024-05-30		1172310	1172310	1	30.5							PacBio	North Carolina State University, College of Veterinary Medicine	PRJNA1103224	SAMN41048453	1038	902	96	assembly from type material	Rickettsia	96.34	0.23
ASM1822v1	GCA_000018225.1	GCF_000018225.1	Rickettsia rickettsii str. 'Sheila Smith'	392021	OK		Sheila Smith					Annotation submitted by Institute for Systems Biology		2014-01-31	1257710	1	1	Complete Genome	2007-10-02		1257710	1257710	1	32.5								Institute for Systems Biology	PRJNA9636	SAMN02603386	1380	1345			Rickettsia rickettsii	99.25	0.28
ASM1822v1	GCF_000018225.1	GCA_000018225.1	Rickettsia rickettsii str. 'Sheila Smith'	392021	OK		Sheila Smith					GCF_000018225.1-RS_2026_01_08	NCBI Prokaryotic Genome Annotation Pipeline (PGAP)	2026-01-08	1257710	1	1	Complete Genome	2007-10-02		1257710	1257710	1	32.5								Institute for Systems Biology	PRJNA9636	SAMN02603386	1433	1290	102		Rickettsia rickettsii	99.25	0.28
ASM27716v1	GCA_000277165.1	GCF_000277165.1	Rickettsia prowazekii str. Chernikova	1105094	OK		Chernikova					Annotation submitted by Los Alamos National Laboratory		2014-01-31	1109804	1	1	Complete Genome	2012-03-21		1109804	1109804	1	29								Los Alamos National Laboratory	PRJNA74999	SAMN02603542	881	845			Rickettsia prowazekii	96.99	0.27
ASM27716v1	GCF_000277165.1	GCA_000277165.1	Rickettsia prowazekii str. Chernikova	1105094	OK		Chernikova					GCF_000277165.1-RS_2026_01_08	NCBI Prokaryotic Genome Annotation Pipeline (PGAP)	2026-01-08	1109804	1	1	Complete Genome	2012-03-21		1109804	1109804	1	29								Los Alamos National Laboratory	PRJNA74999	SAMN02603542	887	831	16		Rickettsia prowazekii	96.99	0.27
ASM28415v1	GCA_000284155.1	GCF_000284155.1	Rickettsia australis str. Cutlack	1105110	OK		Cutlack					Annotation submitted by Los Alamos National Laboratory		2016-07-26	1323280	2	2	Complete Genome	2012-03-01		1296670	1296670	2	32.5								Los Alamos National Laboratory	PRJNA75037	SAMN02603558	1297	1261			Rickettsia	98.01	0.38
ASM28415v1	GCF_000284155.1	GCA_000284155.1	Rickettsia australis str. Cutlack	1105110	OK		Cutlack					GCF_000284155.1-RS_2026_01_08	NCBI Prokaryotic Genome Annotation Pipeline (PGAP)	2026-01-08	1323280	2	2	Complete Genome	2012-03-01		1296670	1296670	2	32.5								Los Alamos National Laboratory	PRJNA75037	SAMN02603558	1447	1273	134		Rickettsia	98.01	0.38
OB144_Rh	GCA_963970025.1	GCF_963970025.1	Rickettsia helvetica	35789	Inconclusive					OB144		Annotation submitted by National Institute of Public Health and Environment (RIVM)		2024-07-10	1419877	2	2	Complete Genome	2024-07-08		1372666	1372666	2	32							OXFORD_NANOPORE,ILLUMINA	National Institute of Public Health and Environment (RIVM)	PRJEB70514	SAMEA115345701	1677	1552	83		Rickettsia	98.39	0.45
OB144_Rh	GCF_963970025.1	GCA_963970025.1	Rickettsia helvetica	35789	Inconclusive					OB144		GCF_963970025.1-RS_2025_01_08	NCBI Prokaryotic Genome Annotation Pipeline (PGAP)	2025-01-08	1419877	2	2	Complete Genome	2024-07-08		1372666	1372666	2	32							OXFORD_NANOPORE,ILLUMINA	National Institute of Public Health and Environment (RIVM)	PRJEB70514	SAMEA115345701	1633	1391	202		Rickettsia	98.39	0.45
ASM28391v1	GCA_000283915.1	GCF_000283915.1	Rickettsia canadensis str. CA410	1105107	Inconclusive		CA410					Annotation submitted by Los Alamos National Laboratory		2014-01-31	1150228	1	1	Complete Genome	2012-02-17		1150228	1150228	1	31								Los Alamos National Laboratory	PRJNA75029	SAMN02603555	1052	1016			Rickettsia canadensis	95.85	0.18
ASM28391v1	GCF_000283915.1	GCA_000283915.1	Rickettsia canadensis str. CA410	1105107	Inconclusive		CA410					GCF_000283915.1-RS_2026_01_08	NCBI Prokaryotic Genome Annotation Pipeline (PGAP)	2026-01-08	1150228	1	1	Complete Genome	2012-02-17		1150228	1150228	1	31								Los Alamos National Laboratory	PRJNA75029	SAMN02603555	1069	916	113		Rickettsia canadensis	95.85	0.18
ASM1820v1	GCA_000018205.1	GCF_000018205.1	Rickettsia akari str. Hartford	293614	Inconclusive		Hartford					Annotation submitted by Univ. Iowa		2014-01-31	1231060	1	1	Complete Genome	2007-10-02		1231060	1231060	1	32.5								Univ. Iowa	PRJNA12953	SAMN02604084	1293	1259			Rickettsia	99.1	
ASM1820v1	GCF_000018205.1	GCA_000018205.1	Rickettsia akari str. Hartford	293614	Inconclusive		Hartford					GCF_000018205.1-RS_2026_01_08	NCBI Prokaryotic Genome Annotation Pipeline (PGAP)	2026-01-08	1231060	1	1	Complete Genome	2007-10-02		1231060	1231060	1	32.5								Univ. Iowa	PRJNA12953	SAMN02604084	1296	1120	136		Rickettsia	99.1	
RiOegib_v1.0	GCA_936269705.1	GCF_936269705.1	Rickettsia endosymbiont of Oedothorax gibbosus	931099	Inconclusive		Oegibbosus-W744x776								2623967	1	1	Complete Genome	2022-05-24		2623967	2623967	1	33							Illumina HiSeq1500/HiSeqX	University of Vienna	PRJEB52003	SAMEA13846915					Rickettsia	93.96	2.88
RiOegib_v1.0	GCF_936269705.1	GCA_936269705.1	Rickettsia endosymbiont of Oedothorax gibbosus	931099	Inconclusive		Oegibbosus-W744x776					GCF_936269705.1-RS_2026_01_08	NCBI Prokaryotic Genome Annotation Pipeline (PGAP)	2026-01-08	2623967	1	1	Complete Genome	2022-05-24		2623967	2623967	1	33							Illumina HiSeq1500/HiSeqX	University of Vienna	PRJEB52003	SAMEA13846915	2921	2574	307		Rickettsia	93.96	2.88
icPolTere1.Rickettsia_sp_1.1	GCA_964026385.1	GCF_964026385.1	Rickettsia endosymbiont of Polydrusus tereticollis	3066251	Inconclusive					54719					2172543	1	1	Complete Genome	2024-04-13		2172543	2172543	1	33.5							PacBio,Arima	WELLCOME SANGER INSTITUTE	PRJEB74781	SAMEA114450002					Rickettsia	94.37	3.43
icPolTere1.Rickettsia_sp_1.1	GCF_964026385.1	GCA_964026385.1	Rickettsia endosymbiont of Polydrusus tereticollis	3066251	Inconclusive					54719		GCF_964026385.1-RS_2025_01_08	NCBI Prokaryotic Genome Annotation Pipeline (PGAP)	2025-01-08	2172543	1	1	Complete Genome	2024-04-13		2172543	2172543	1	33.5							PacBio,Arima	WELLCOME SANGER INSTITUTE	PRJEB74781	SAMEA114450002	2125	1900	184		Rickettsia	94.37	3.43
ihGonAcut1.Rickettsia_sp_1.1	GCA_964026435.1	GCF_964026435.1	Rickettsia endosymbiont of Gonocerus acuteangulatus	3066266	Inconclusive					54736					1983518	1	1	Complete Genome	2024-04-13		1983518	1983518	1	32							PacBio,Arima	WELLCOME SANGER INSTITUTE	PRJEB74784	SAMEA114450241					Rickettsia	96.06	1.59
ihGonAcut1.Rickettsia_sp_1.1	GCF_964026435.1	GCA_964026435.1	Rickettsia endosymbiont of Gonocerus acuteangulatus	3066266	Inconclusive					54736		GCF_964026435.1-RS_2025_01_08	NCBI Prokaryotic Genome Annotation Pipeline (PGAP)	2025-01-08	1983518	1	1	Complete Genome	2024-04-13		1983518	1983518	1	32							PacBio,Arima	WELLCOME SANGER INSTITUTE	PRJEB74784	SAMEA114450241	2459	2119	300		Rickettsia	96.06	1.59
ihNabLimb1.Rickettsia_sp_1.1	GCA_965196655.1	GCF_965196655.1	Rickettsia endosymbiont of Nabis limbatus	3066268	Inconclusive					54738					1883110	1	1	Complete Genome	2025-03-05		1883110	1883110	1	32							PacBio,Arima	WELLCOME SANGER INSTITUTE	PRJEB86573	SAMEA114450243					Rickettsia	97.06	1.02
ihNabLimb1.Rickettsia_sp_1.1	GCF_965196655.1	GCA_965196655.1	Rickettsia endosymbiont of Nabis limbatus	3066268	Inconclusive					54738		GCF_965196655.1-RS_2026_03_11	NCBI Prokaryotic Genome Annotation Pipeline (PGAP)	2026-03-11	1883110	1	1	Complete Genome	2025-03-05		1883110	1883110	1	32							PacBio,Arima	WELLCOME SANGER INSTITUTE	PRJEB86573	SAMEA114450243	2168	1849	280		Rickettsia	97.06	1.02
icCeuObst1.Rickettsia_sp_1.1	GCA_964026565.1	GCF_964026565.1	Rickettsia endosymbiont of Ceutorhynchus obstrictus	3066249	Inconclusive					54717					1838929	1	1	Complete Genome	2024-04-13		1838929	1838929	1	34.5							PacBio,Arima	WELLCOME SANGER INSTITUTE	PRJEB74787	SAMEA114450000					Rickettsia	96.45	1.42
icCeuObst1.Rickettsia_sp_1.1	GCF_964026565.1	GCA_964026565.1	Rickettsia endosymbiont of Ceutorhynchus obstrictus	3066249	Inconclusive					54717		GCF_964026565.1-RS_2025_01_08	NCBI Prokaryotic Genome Annotation Pipeline (PGAP)	2025-01-08	1838929	1	1	Complete Genome	2024-04-13		1838929	1838929	1	34.5							PacBio,Arima	WELLCOME SANGER INSTITUTE	PRJEB74787	SAMEA114450000	2102	2000	61		Rickettsia	96.45	1.42
ihPanTuni1.Rickettsia_sp_1.1	GCA_964291875.1	GCF_964291875.1	Rickettsia endosymbiont of Pantilius tunicatus	3066267	Inconclusive					54737					1750414	1	1	Complete Genome	2024-10-23		1750414	1750414	1	31.5							PacBio,Arima	WELLCOME SANGER INSTITUTE	PRJEB81572	SAMEA114450242					Rickettsia	98.33	0.91
ihPanTuni1.Rickettsia_sp_1.1	GCF_964291875.1	GCA_964291875.1	Rickettsia endosymbiont of Pantilius tunicatus	3066267	Inconclusive					54737		GCF_964291875.1-RS_2025_01_08	NCBI Prokaryotic Genome Annotation Pipeline (PGAP)	2025-01-08	1750414	1	1	Complete Genome	2024-10-23		1750414	1750414	1	31.5							PacBio,Arima	WELLCOME SANGER INSTITUTE	PRJEB81572	SAMEA114450242	2025	1781	205		Rickettsia	98.33	0.91
icRhiConi1.Rickettsia_sp_1.1	GCA_964026465.1	GCF_964026465.1	Rickettsia endosymbiont of Rhinocyllus conicus	3066252	Inconclusive					54720					1747708	1	1	Complete Genome	2024-04-13		1747708	1747708	1	32							PacBio	WELLCOME SANGER INSTITUTE	PRJEB74788	SAMEA114450003					Rickettsia	96.88	1.06
icRhiConi1.Rickettsia_sp_1.1	GCF_964026465.1	GCA_964026465.1	Rickettsia endosymbiont of Rhinocyllus conicus	3066252	Inconclusive					54720		GCF_964026465.1-RS_2025_01_08	NCBI Prokaryotic Genome Annotation Pipeline (PGAP)	2025-01-08	1747708	1	1	Complete Genome	2024-04-13		1747708	1747708	1	32							PacBio	WELLCOME SANGER INSTITUTE	PRJEB74788	SAMEA114450003	1874	1717	118		Rickettsia	96.88	1.06
icAspAene1.Rickettsia_sp_1.1	GCA_964030775.1	GCF_964030775.1	Rickettsia endosymbiont of Aspidapion aeneum	3066247	Inconclusive					54715					1651676	1	1	Complete Genome	2024-04-19		1651676	1651676	1	34.5							PacBio,Arima	WELLCOME SANGER INSTITUTE	PRJEB75071	SAMEA114449998					Rickettsia	94.67	1.21
icAspAene1.Rickettsia_sp_1.1	GCF_964030775.1	GCA_964030775.1	Rickettsia endosymbiont of Aspidapion aeneum	3066247	Inconclusive					54715		GCF_964030775.1-RS_2025_01_08	NCBI Prokaryotic Genome Annotation Pipeline (PGAP)	2025-01-08	1651676	1	1	Complete Genome	2024-04-19		1651676	1651676	1	34.5							PacBio,Arima	WELLCOME SANGER INSTITUTE	PRJEB75071	SAMEA114449998	1886	1795	53		Rickettsia	94.67	1.21
ASM5898360v1	GCA_058983605.1	GCF_058983605.1	Rickettsia endosymbiont of Cimex lectularius	2698648	Inconclusive		PL14					NCBI Prokaryotic Genome Annotation Pipeline (PGAP)	NCBI Prokaryotic Genome Annotation Pipeline (PGAP)	2026-04-17	1627145	1	1	Complete Genome	2026-07-06	JBXEOU01	1627145	1627145	1	33							Illumina MiSeq; Oxford Nanopore GridION	IHU MEDITERRANEE INFECTION	PRJNA1452102	SAMN57209558	1563	1447	74		Rickettsia	95.64	4.27
ASM5898360v1	GCF_058983605.1	GCA_058983605.1	Rickettsia endosymbiont of Cimex lectularius	2698648	Inconclusive		PL14					GCF_058983605.1-RS_2026_07_07	NCBI Prokaryotic Genome Annotation Pipeline (PGAP)	2026-07-07	1627145	1	1	Complete Genome	2026-07-06	JBXEOU01	1627145	1627145	1	33							Illumina MiSeq; Oxford Nanopore GridION	IHU MEDITERRANEE INFECTION	PRJNA1452102	SAMN57209558	1565	1448	75		Rickettsia	95.64	4.27
iyLasVill1.Rickettsia_sp_1.1	GCA_964026455.1	GCF_964026455.1	Rickettsia endosymbiont of Lasioglossum villosulum	3066269	Inconclusive					54739					1512138	1	1	Complete Genome	2024-04-13		1512138	1512138	1	31.5							PacBio,Arima	WELLCOME SANGER INSTITUTE	PRJEB74790	SAMEA114450244					Rickettsia	97.49	1.2
iyLasVill1.Rickettsia_sp_1.1	GCF_964026455.1	GCA_964026455.1	Rickettsia endosymbiont of Lasioglossum villosulum	3066269	Inconclusive					54739		GCF_964026455.1-RS_2025_01_08	NCBI Prokaryotic Genome Annotation Pipeline (PGAP)	2025-01-08	1512138	1	1	Complete Genome	2024-04-13		1512138	1512138	1	31.5							PacBio,Arima	WELLCOME SANGER INSTITUTE	PRJEB74790	SAMEA114450244	1505	1395	71		Rickettsia	97.49	1.2
iySelTumu1.Rickettsia_sp_1.1	GCA_964030815.1	GCF_964030815.1	Rickettsia endosymbiont of Seladonia tumulorum	3066270	Inconclusive					54740					1484098	1	1	Complete Genome	2024-04-19		1484098	1484098	1	32							PacBio,Arima	WELLCOME SANGER INSTITUTE	PRJEB75137	SAMEA114450245					Rickettsia	97.04	1.2
iySelTumu1.Rickettsia_sp_1.1	GCF_964030815.1	GCA_964030815.1	Rickettsia endosymbiont of Seladonia tumulorum	3066270	Inconclusive					54740		GCF_964030815.1-RS_2025_01_08	NCBI Prokaryotic Genome Annotation Pipeline (PGAP)	2025-01-08	1484098	1	1	Complete Genome	2024-04-19		1484098	1484098	1	32							PacBio,Arima	WELLCOME SANGER INSTITUTE	PRJEB75137	SAMEA114450245	1485	1363	83		Rickettsia	97.04	1.2
icCanRufa1.Rickettsia_sp_1.1	GCA_964026445.1	GCF_964026445.1	Rickettsia endosymbiont of Cantharis rufa	3066248	Inconclusive					54716					1463984	1	1	Complete Genome	2024-04-13		1463984	1463984	1	33							PacBio,Arima	WELLCOME SANGER INSTITUTE	PRJEB74796	SAMEA114449999					Rickettsia	98.18	0.8
icCanRufa1.Rickettsia_sp_1.1	GCF_964026445.1	GCA_964026445.1	Rickettsia endosymbiont of Cantharis rufa	3066248	Inconclusive					54716		GCF_964026445.1-RS_2025_01_08	NCBI Prokaryotic Genome Annotation Pipeline (PGAP)	2025-01-08	1463984	1	1	Complete Genome	2024-04-13		1463984	1463984	1	33							PacBio,Arima	WELLCOME SANGER INSTITUTE	PRJEB74796	SAMEA114449999	1848	1541	267		Rickettsia	98.18	0.8
ASM798942v1	GCA_007989425.1	GCF_007989425.1	Rickettsia asiatica	238800	Inconclusive		Maytaro1284					Annotation submitted by Laboratory of Parasitology, Faculty of Veterinary Medicine Graduate, School of Infectious Diseases, Hokkaido University		2019-07-19	1419085	2	2	Complete Genome	2019-07-19		1344324	1344324	2	32.5							Illumina Miseq; PacBio RS II	Laboratory of Parasitology, Faculty of Veterinary Medicine Graduate, School of Infectious Diseases, Hokkaido University	PRJDB8064	SAMD00165215	1644	1607			Rickettsia	97.59	1.44
ASM798942v1	GCF_007989425.1	GCA_007989425.1	Rickettsia asiatica	238800	Inconclusive		Maytaro1284					GCF_007989425.1-RS_2026_01_08	NCBI Prokaryotic Genome Annotation Pipeline (PGAP)	2026-01-08	1419085	2	2	Complete Genome	2019-07-19		1344324	1344324	2	32.5							Illumina Miseq; PacBio RS II	Laboratory of Parasitology, Faculty of Veterinary Medicine Graduate, School of Infectious Diseases, Hokkaido University	PRJDB8064	SAMD00165215	1659	1415	204		Rickettsia	97.59	1.44
ASM5973864v1	GCA_059738645.1	GCF_059738645.1	Candidatus Rickettsia mendelii	1628622	Inconclusive		It06094					Annotation submitted by Bacteriology, Graduate School of Medical Sciences, Kyushu University		2026-02-17	1050158	1	1	Complete Genome	2026-02-17		1050158	1050158	1	29							Illumina Miseq, ONT MinION	Bacteriology, Graduate School of Medical Sciences, Kyushu University	PRJDB16081	SAMD00625101	913	877			Rickettsia	95.13	
ASM5973864v1	GCF_059738645.1	GCA_059738645.1	Candidatus Rickettsia mendelii	1628622	Inconclusive		It06094					GCF_059738645.1-RS_2026_08_02	NCBI Prokaryotic Genome Annotation Pipeline (PGAP)	2026-08-02	1050158	1	1	Complete Genome	2026-02-17		1050158	1050158	1	29							Illumina Miseq, ONT MinION	Bacteriology, Graduate School of Medical Sciences, Kyushu University	PRJDB16081	SAMD00625101	889	799	51		Rickettsia	95.13	
ASM22120v1	GCA_000221205.1	GCF_000221205.1	Rickettsia conorii subsp. heilongjiangensis 054	1032845	OK		054					Annotation submitted by Academy of Military Medical Sciences, The Institute of Microbiology and Epidemiology, China		2014-01-30	1278471	1	1	Complete Genome	2011-07-22		1278471	1278471	1	32.5								Academy of Military Medical Sciences, The Institute of Microbiology and Epidemiology, China	PRJNA66907	SAMN02602971	1338	1297	5	assembly from type material	Rickettsia	99.7	0.23
ASM22120v1	GCF_000221205.1	GCA_000221205.1	Rickettsia conorii subsp. heilongjiangensis 054	1032845	OK		054					GCF_000221205.1-RS_2026_01_08	NCBI Prokaryotic Genome Annotation Pipeline (PGAP)	2026-01-08	1278471	1	1	Complete Genome	2011-07-22		1278471	1278471	1	32.5								Academy of Military Medical Sciences, The Institute of Microbiology and Epidemiology, China	PRJNA66907	SAMN02602971	1462	1293	129	assembly from type material	Rickettsia	99.7	0.23
ASM195101v1	GCA_001951015.1	GCF_001951015.1	Rickettsia rickettsii	783	OK		Iowa			Small Clone		Annotation submitted by NIAID		2017-01-12	1268242	1	1	Complete Genome	2017-01-12		1268242	1268242	1	32.5							Illumina MiSeq	NIAID	PRJNA357110	SAMN06133287	1489	1378	74	assembly from type material	Rickettsia rickettsii	99.32	0.22
ASM195101v1	GCF_001951015.1	GCA_001951015.1	Rickettsia rickettsii	783	OK		Iowa			Small Clone		GCF_001951015.1-RS_2026_01_08	NCBI Prokaryotic Genome Annotation Pipeline (PGAP)	2026-01-08	1268242	1	1	Complete Genome	2017-01-12		1268242	1268242	1	32.5							Illumina MiSeq	NIAID	PRJNA357110	SAMN06133287	1444	1305	98	assembly from type material	Rickettsia rickettsii	99.32	0.22
ASM195099v1	GCA_001950995.1	GCF_001950995.1	Rickettsia rickettsii	783	OK		Iowa			Large Clone		Annotation submitted by NIAID		2017-01-12	1268220	1	1	Complete Genome	2017-01-12		1268220	1268220	1	32.5							Illumina MiSeq	NIAID	PRJNA357110	SAMN06133288	1489	1378	74	assembly from type material	Rickettsia rickettsii	99.32	0.22
ASM195099v1	GCF_001950995.1	GCA_001950995.1	Rickettsia rickettsii	783	OK		Iowa			Large Clone		GCF_001950995.1-RS_2026_01_08	NCBI Prokaryotic Genome Annotation Pipeline (PGAP)	2026-01-08	1268220	1	1	Complete Genome	2017-01-12		1268220	1268220	1	32.5							Illumina MiSeq	NIAID	PRJNA357110	SAMN06133288	1444	1305	98	assembly from type material	Rickettsia rickettsii	99.32	0.22
ASM1744v3	GCA_000017445.3	GCF_000017445.4	Rickettsia rickettsii str. Iowa	452659	OK		Iowa					Annotation submitted by Rocky Mountain Laboratories		2017-01-03	1268201	1	1	Complete Genome	2015-02-03		1268201	1268201	1	32.5								Rocky Mountain Laboratories	PRJNA19943	SAMN02603768	1494	1384	1	assembly from type material	Rickettsia rickettsii	99.32	0.22
ASM1744v3	GCF_000017445.4	GCA_000017445.3	Rickettsia rickettsii str. Iowa	452659	OK		Iowa					GCF_000017445.4-RS_2026_01_08	NCBI Prokaryotic Genome Annotation Pipeline (PGAP)	2026-01-08	1268201	1	1	Complete Genome	2015-02-03		1268201	1268201	1	32.5								Rocky Mountain Laboratories	PRJNA19943	SAMN02603768	1444	1306	97	assembly from type material	Rickettsia rickettsii	99.32	0.22
ASM36740v1	GCA_000367405.1	GCF_000367405.1	Rickettsia prowazekii str. Breinl	1290428	OK		Breinl					Annotation submitted by Naval Medical Research Center		2013-07-05	1109301	1	1	Complete Genome	2013-04-11		1109301	1109301	1	29							454 Titanium	Naval Medical Research Center	PRJNA188530	SAMN01983876	956	920		assembly from type material	Rickettsia prowazekii	96.25	0.27
ASM36740v1	GCF_000367405.1	GCA_000367405.1	Rickettsia prowazekii str. Breinl	1290428	OK		Breinl					GCF_000367405.1-RS_2026_01_08	NCBI Prokaryotic Genome Annotation Pipeline (PGAP)	2026-01-08	1109301	1	1	Complete Genome	2013-04-11		1109301	1109301	1	29							454 Titanium	Naval Medical Research Center	PRJNA188530	SAMN01983876	891	817	34	assembly from type material	Rickettsia prowazekii	96.25	0.27
ASM5484798v1	GCA_054847985.1	GCF_054847985.1	Rickettsia conorii subsp. raoultii	369822	OK		HLJ14					NCBI Prokaryotic Genome Annotation Pipeline (PGAP)	NCBI Prokaryotic Genome Annotation Pipeline (PGAP)	2026-01-22	1441247	2	2	Complete Genome	2026-01-30	JBTWIX01	1358026	1358026	2	32.5							Oxford Nanopore; Illumina HiSeq	Chinese Center for Disease Control and Prevention	PRJNA1370261	SAMN53423177	1640	1426	174		Rickettsia	99.27	1.08
ASM5484798v1	GCF_054847985.1	GCA_054847985.1	Rickettsia conorii subsp. raoultii	369822	OK		HLJ14					GCF_054847985.1-RS_2026_01_31	NCBI Prokaryotic Genome Annotation Pipeline (PGAP)	2026-01-31	1441247	2	2	Complete Genome	2026-01-30	JBTWIX01	1358026	1358026	2	32.5							Oxford Nanopore; Illumina HiSeq	Chinese Center for Disease Control and Prevention	PRJNA1370261	SAMN53423177	1650	1436	174		Rickettsia	99.27	1.08
ASM5381948v1	GCA_053819485.1	GCF_053819485.1	Rickettsia conorii subsp. raoultii	369822	OK		HLJ2					NCBI Prokaryotic Genome Annotation Pipeline (PGAP)	NCBI Prokaryotic Genome Annotation Pipeline (PGAP)	2025-11-28	1496002	4	4	Complete Genome	2025-12-03	JBSPCF01	1357357	1357357	4	32.5							Oxford Nanopore; Illumina HiSeq	Chinese Center for Disease Control and Prevention	PRJNA1370259	SAMN53423162	1700	1469	191		Rickettsia	99.27	1.08
ASM5381948v1	GCF_053819485.1	GCA_053819485.1	Rickettsia conorii subsp. raoultii	369822	OK		HLJ2					GCF_053819485.1-RS_2025_12_04	NCBI Prokaryotic Genome Annotation Pipeline (PGAP)	2025-12-04	1496002	4	4	Complete Genome	2025-12-03	JBSPCF01	1357357	1357357	4	32.5							Oxford Nanopore; Illumina HiSeq	Chinese Center for Disease Control and Prevention	PRJNA1370259	SAMN53423162	1700	1469	191		Rickettsia	99.27	1.08
ASM2367444v1	GCA_023674445.1	GCF_023674445.1	Rickettsia conorii subsp. raoultii	369822	OK		BIME					NCBI Prokaryotic Genome Annotation Pipeline (PGAP)	NCBI Prokaryotic Genome Annotation Pipeline (PGAP)	2022-06-01	1349828	1	1	Complete Genome	2022-06-08		1349828	1349828	1	32.5							Illumina MiSeq; Oxford Nanopore	Beijing Institute of Microbiology and Epidemiology	PRJNA843868	SAMN28771927	1517	1361	116		Rickettsia	99.27	0.4
ASM2367444v1	GCF_023674445.1	GCA_023674445.1	Rickettsia conorii subsp. raoultii	369822	OK		BIME					GCF_023674445.1-RS_2026_01_09	NCBI Prokaryotic Genome Annotation Pipeline (PGAP)	2026-01-09	1349828	1	1	Complete Genome	2022-06-08		1349828	1349828	1	32.5							Illumina MiSeq; Oxford Nanopore	Beijing Institute of Microbiology and Epidemiology	PRJNA843868	SAMN28771927	1535	1329	166		Rickettsia	99.27	0.4
ASM973154v1	GCA_009731545.1	GCF_009731545.1	Rickettsia conorii subsp. heilongjiangensis	226665	OK		CH8-1					Annotation submitted by Department of Bacteriology, Faculty of Medical Scineces, Kyushu University		2019-11-25	1279380	1	1	Complete Genome	2019-11-25		1279380	1279380	1	32.5							illumina; ABI3730	Department of Bacteriology, Faculty of Medical Scineces, Kyushu University	PRJDB8002	SAMD00161752	1525	1209	276		Rickettsia	99.7	0.23
ASM973154v1	GCF_009731545.1	GCA_009731545.1	Rickettsia conorii subsp. heilongjiangensis	226665	OK		CH8-1					GCF_009731545.1-RS_2026_01_08	NCBI Prokaryotic Genome Annotation Pipeline (PGAP)	2026-01-08	1279380	1	1	Complete Genome	2019-11-25		1279380	1279380	1	32.5							illumina; ABI3730	Department of Bacteriology, Faculty of Medical Scineces, Kyushu University	PRJDB8002	SAMD00161752	1462	1293	129		Rickettsia	99.7	0.23
ASM973148v1	GCA_009731485.1	GCF_009731485.1	Rickettsia conorii subsp. heilongjiangensis	226665	OK		Sendai-29					Annotation submitted by Department of Bacteriology, Faculty of Medical Scineces, Kyushu University		2019-11-25	1279369	1	1	Complete Genome	2019-11-25		1279369	1279369	1	32.5							illumina; ABI3730	Department of Bacteriology, Faculty of Medical Scineces, Kyushu University	PRJDB8002	SAMD00161749	1525	1209	276		Rickettsia	99.7	0.23
ASM973148v1	GCF_009731485.1	GCA_009731485.1	Rickettsia conorii subsp. heilongjiangensis	226665	OK		Sendai-29					GCF_009731485.1-RS_2026_01_08	NCBI Prokaryotic Genome Annotation Pipeline (PGAP)	2026-01-08	1279369	1	1	Complete Genome	2019-11-25		1279369	1279369	1	32.5							illumina; ABI3730	Department of Bacteriology, Faculty of Medical Scineces, Kyushu University	PRJDB8002	SAMD00161749	1462	1295	127		Rickettsia	99.7	0.23
ASM973150v1	GCA_009731505.1	GCF_009731505.1	Rickettsia conorii subsp. heilongjiangensis	226665	OK		Sendai-58					Annotation submitted by Department of Bacteriology, Faculty of Medical Scineces, Kyushu University		2019-11-25	1279369	1	1	Complete Genome	2019-11-25		1279369	1279369	1	32.5							illumina; ABI3730	Department of Bacteriology, Faculty of Medical Scineces, Kyushu University	PRJDB8002	SAMD00161750	1525	1209	276		Rickettsia	99.7	0.23
ASM973150v1	GCF_009731505.1	GCA_009731505.1	Rickettsia conorii subsp. heilongjiangensis	226665	OK		Sendai-58					GCF_009731505.1-RS_2026_01_08	NCBI Prokaryotic Genome Annotation Pipeline (PGAP)	2026-01-08	1279369	1	1	Complete Genome	2019-11-25		1279369	1279369	1	32.5							illumina; ABI3730	Department of Bacteriology, Faculty of Medical Scineces, Kyushu University	PRJDB8002	SAMD00161750	1462	1295	127		Rickettsia	99.7	0.23
ASM973152v1	GCA_009731525.1	GCF_009731525.1	Rickettsia conorii subsp. heilongjiangensis	226665	OK		HCN-13					Annotation submitted by Department of Bacteriology, Faculty of Medical Scineces, Kyushu University		2019-11-25	1279369	1	1	Complete Genome	2019-11-25		1279369	1279369	1	32.5							illumina; ABI3730	Department of Bacteriology, Faculty of Medical Scineces, Kyushu University	PRJDB8002	SAMD00161751	1525	1209	276		Rickettsia	99.7	0.23
ASM973152v1	GCF_009731525.1	GCA_009731525.1	Rickettsia conorii subsp. heilongjiangensis	226665	OK		HCN-13					GCF_009731525.1-RS_2026_01_08	NCBI Prokaryotic Genome Annotation Pipeline (PGAP)	2026-01-08	1279369	1	1	Complete Genome	2019-11-25		1279369	1279369	1	32.5							illumina; ABI3730	Department of Bacteriology, Faculty of Medical Scineces, Kyushu University	PRJDB8002	SAMD00161751	1462	1295	127		Rickettsia	99.7	0.23
ASM2641090v1	GCA_026410905.1	GCF_026410905.1	Rickettsia conorii subsp. heilongjiangensis	226665	OK		B8					NCBI Prokaryotic Genome Annotation Pipeline (PGAP)	NCBI Prokaryotic Genome Annotation Pipeline (PGAP)	2022-11-21	1275045	1	1	Complete Genome	2022-11-27		1275045	1275045	1	32.5							Illumina	Anhui Medical University	PRJNA903496	SAMN31806548	1436	1305	91		Rickettsia	99.59	
ASM2641090v1	GCF_026410905.1	GCA_026410905.1	Rickettsia conorii subsp. heilongjiangensis	226665	OK		B8					GCF_026410905.1-RS_2026_01_08	NCBI Prokaryotic Genome Annotation Pipeline (PGAP)	2026-01-08	1275045	1	1	Complete Genome	2022-11-27		1275045	1275045	1	32.5							Illumina	Anhui Medical University	PRJNA903496	SAMN31806548	1444	1258	146		Rickettsia	99.59	
ASM235719v1	GCA_002357195.1	GCF_002357195.1	Rickettsia japonica	35790	OK		MZ08014								1284037	1	1	Complete Genome	2017-01-23		1284037	1284037	1	32.5							454 GS FLX; ABI 3730	Department of Microbiology, Graduate School of Medical and Dental Sciences, Kagoshima University	PRJDB4932	SAMD00053846					Rickettsia	99.7	
ASM235719v1	GCF_002357195.1	GCA_002357195.1	Rickettsia japonica	35790	OK		MZ08014					GCF_002357195.1-RS_2026_01_08	NCBI Prokaryotic Genome Annotation Pipeline (PGAP)	2026-01-08	1284037	1	1	Complete Genome	2017-01-23		1284037	1284037	1	32.5							454 GS FLX; ABI 3730	Department of Microbiology, Graduate School of Medical and Dental Sciences, Kagoshima University	PRJDB4932	SAMD00053846	1465	1282	143		Rickettsia	99.7	
ASM235669v1	GCA_002356695.1	GCF_002356695.1	Rickettsia japonica	35790	OK		YH_M					Annotation submitted by Department of Microbiology, Graduate School of Medical and Dental Sciences, Kagoshima University		2024-06-13	1284030	1	1	Complete Genome	2017-01-23		1284030	1284030	1	32.5							454 GS FLX; ABI 3730	Department of Microbiology, Graduate School of Medical and Dental Sciences, Kagoshima University	PRJDB4932	SAMD00053838	1222	1123	63		Rickettsia	99.7	
ASM235669v1	GCF_002356695.1	GCA_002356695.1	Rickettsia japonica	35790	OK		YH_M					GCF_002356695.1-RS_2026_01_08	NCBI Prokaryotic Genome Annotation Pipeline (PGAP)	2026-01-08	1284030	1	1	Complete Genome	2017-01-23		1284030	1284030	1	32.5							454 GS FLX; ABI 3730	Department of Microbiology, Graduate School of Medical and Dental Sciences, Kagoshima University	PRJDB4932	SAMD00053838	1466	1284	142		Rickettsia	99.7	
ASM235711v1	GCA_002357115.1	GCF_002357115.1	Rickettsia japonica	35790	OK		Tsuneishi								1284030	1	1	Complete Genome	2017-01-23		1284030	1284030	1	32.5							Illumina MiSeq; ABI 3730	Department of Microbiology, Graduate School of Medical and Dental Sciences, Kagoshima University	PRJDB4932	SAMD00053842					Rickettsia	99.7	
ASM235711v1	GCF_002357115.1	GCA_002357115.1	Rickettsia japonica	35790	OK		Tsuneishi					GCF_002357115.1-RS_2026_01_08	NCBI Prokaryotic Genome Annotation Pipeline (PGAP)	2026-01-08	1284030	1	1	Complete Genome	2017-01-23		1284030	1284030	1	32.5							Illumina MiSeq; ABI 3730	Department of Microbiology, Graduate School of Medical and Dental Sciences, Kagoshima University	PRJDB4932	SAMD00053842	1466	1284	142		Rickettsia	99.7	
ASM235717v1	GCA_002357175.1	GCF_002357175.1	Rickettsia japonica	35790	OK		Nakase								1284030	1	1	Complete Genome	2017-01-23		1284030	1284030	1	32.5							Illumina MiSeq; ABI 3730	Department of Microbiology, Graduate School of Medical and Dental Sciences, Kagoshima University	PRJDB4932	SAMD00053840					Rickettsia	99.7	
ASM235717v1	GCF_002357175.1	GCA_002357175.1	Rickettsia japonica	35790	OK		Nakase					GCF_002357175.1-RS_2026_01_08	NCBI Prokaryotic Genome Annotation Pipeline (PGAP)	2026-01-08	1284030	1	1	Complete Genome	2017-01-23		1284030	1284030	1	32.5							Illumina MiSeq; ABI 3730	Department of Microbiology, Graduate School of Medical and Dental Sciences, Kagoshima University	PRJDB4932	SAMD00053840	1466	1284	142		Rickettsia	99.7	
ASM235721v1	GCA_002357215.1	GCF_002357215.1	Rickettsia japonica	35790	OK		HH07167								1284030	1	1	Complete Genome	2017-01-23		1284030	1284030	1	32.5							Illumina MiSeq; ABI 3730	Department of Microbiology, Graduate School of Medical and Dental Sciences, Kagoshima University	PRJDB4932	SAMD00053845					Rickettsia	99.7	
ASM235721v1	GCF_002357215.1	GCA_002357215.1	Rickettsia japonica	35790	OK		HH07167					GCF_002357215.1-RS_2026_01_08	NCBI Prokaryotic Genome Annotation Pipeline (PGAP)	2026-01-08	1284030	1	1	Complete Genome	2017-01-23		1284030	1284030	1	32.5							Illumina MiSeq; ABI 3730	Department of Microbiology, Graduate School of Medical and Dental Sciences, Kagoshima University	PRJDB4932	SAMD00053845	1466	1284	142		Rickettsia	99.7	
ASM235729v1	GCA_002357295.1	GCF_002357295.1	Rickettsia japonica	35790	OK		DT-1								1284030	1	1	Complete Genome	2017-01-23		1284030	1284030	1	32.5							Illumina MiSeq; ABI 3730	Department of Microbiology, Graduate School of Medical and Dental Sciences, Kagoshima University	PRJDB4932	SAMD00053839					Rickettsia	99.7	
ASM235729v1	GCF_002357295.1	GCA_002357295.1	Rickettsia japonica	35790	OK		DT-1					GCF_002357295.1-RS_2026_01_08	NCBI Prokaryotic Genome Annotation Pipeline (PGAP)	2026-01-08	1284030	1	1	Complete Genome	2017-01-23		1284030	1284030	1	32.5							Illumina MiSeq; ABI 3730	Department of Microbiology, Graduate School of Medical and Dental Sciences, Kagoshima University	PRJDB4932	SAMD00053839	1467	1286	141		Rickettsia	99.7	
ASM235725v1	GCA_002357255.1	GCF_002357255.1	Rickettsia japonica	35790	OK		HH06154								1284028	1	1	Complete Genome	2017-01-23		1284028	1284028	1	32.5							Illumina MiSeq; ABI 3730	Department of Microbiology, Graduate School of Medical and Dental Sciences, Kagoshima University	PRJDB4932	SAMD00053843					Rickettsia	99.7	
ASM235725v1	GCF_002357255.1	GCA_002357255.1	Rickettsia japonica	35790	OK		HH06154					GCF_002357255.1-RS_2026_01_08	NCBI Prokaryotic Genome Annotation Pipeline (PGAP)	2026-01-08	1284028	1	1	Complete Genome	2017-01-23		1284028	1284028	1	32.5							Illumina MiSeq; ABI 3730	Department of Microbiology, Graduate School of Medical and Dental Sciences, Kagoshima University	PRJDB4932	SAMD00053843	1466	1283	143		Rickettsia	99.7	
ASM235723v1	GCA_002357235.1	GCF_002357235.1	Rickettsia japonica	35790	OK		HH07124								1284009	1	1	Complete Genome	2017-01-23		1284009	1284009	1	32.5							Illumina MiSeq; ABI 3730	Department of Microbiology, Graduate School of Medical and Dental Sciences, Kagoshima University	PRJDB4932	SAMD00053844					Rickettsia	99.7	
ASM235723v1	GCF_002357235.1	GCA_002357235.1	Rickettsia japonica	35790	OK		HH07124					GCF_002357235.1-RS_2026_01_08	NCBI Prokaryotic Genome Annotation Pipeline (PGAP)	2026-01-08	1284009	1	1	Complete Genome	2017-01-23		1284009	1284009	1	32.5							Illumina MiSeq; ABI 3730	Department of Microbiology, Graduate School of Medical and Dental Sciences, Kagoshima University	PRJDB4932	SAMD00053844	1466	1284	142		Rickettsia	99.7	
ASM235713v1	GCA_002357135.1	GCF_002357135.1	Rickettsia japonica	35790	OK		PO-1								1283942	1	1	Complete Genome	2017-01-23		1283942	1283942	1	32.5							Illumina MiSeq; ABI 3730	Department of Microbiology, Graduate School of Medical and Dental Sciences, Kagoshima University	PRJDB4932	SAMD00053847					Rickettsia	99.7	
ASM235713v1	GCF_002357135.1	GCA_002357135.1	Rickettsia japonica	35790	OK		PO-1					GCF_002357135.1-RS_2026_01_08	NCBI Prokaryotic Genome Annotation Pipeline (PGAP)	2026-01-08	1283942	1	1	Complete Genome	2017-01-23		1283942	1283942	1	32.5							Illumina MiSeq; ABI 3730	Department of Microbiology, Graduate School of Medical and Dental Sciences, Kagoshima University	PRJDB4932	SAMD00053847	1480	1296	144		Rickettsia	99.7	
ASM235727v1	GCA_002357275.1	GCF_002357275.1	Rickettsia japonica	35790	OK		HH-1								1283942	1	1	Complete Genome	2017-01-23		1283942	1283942	1	32.5							Illumina MiSeq; ABI 3730	Department of Microbiology, Graduate School of Medical and Dental Sciences, Kagoshima University	PRJDB4932	SAMD00053841					Rickettsia	99.7	
ASM235727v1	GCF_002357275.1	GCA_002357275.1	Rickettsia japonica	35790	OK		HH-1					GCF_002357275.1-RS_2026_01_08	NCBI Prokaryotic Genome Annotation Pipeline (PGAP)	2026-01-08	1283942	1	1	Complete Genome	2017-01-23		1283942	1283942	1	32.5							Illumina MiSeq; ABI 3730	Department of Microbiology, Graduate School of Medical and Dental Sciences, Kagoshima University	PRJDB4932	SAMD00053841	1480	1296	144		Rickettsia	99.7	
ASM5689773v1	GCA_056897735.1	GCF_056897735.1	Rickettsia japonica	35790	OK		YC21					NCBI Prokaryotic Genome Annotation Pipeline (PGAP)	NCBI Prokaryotic Genome Annotation Pipeline (PGAP)	2026-04-20	1283531	1	1	Complete Genome	2026-04-25	JBXGRB01	1283531	1283531	1	32.5							Illumina HiSeq; Oxford Nanopore	Chinese Center for Disease Control and Prevention	PRJNA1455276	SAMN57359989	1470	1289	141		Rickettsia	99.7	
ASM5689773v1	GCF_056897735.1	GCA_056897735.1	Rickettsia japonica	35790	OK		YC21					GCF_056897735.1-RS_2026_04_26	NCBI Prokaryotic Genome Annotation Pipeline (PGAP)	2026-04-26	1283531	1	1	Complete Genome	2026-04-26	JBXGRB01	1283531	1283531	1	32.5							Illumina HiSeq; Oxford Nanopore	Chinese Center for Disease Control and Prevention	PRJNA1455276	SAMN57359989	1470	1289	141		Rickettsia	99.7	
ASM62012309v1	GCA_062012309.1	GCF_062012309.1	Rickettsia japonica	35790	OK		YC22					NCBI Prokaryotic Genome Annotation Pipeline (PGAP)	NCBI Prokaryotic Genome Annotation Pipeline (PGAP)	2026-09-25	1283484	1	1	Complete Genome	2026-09-30	JCELHH01	1283484	1283484	1	32.5							Illumina NovaSeq; Oxford Nanopore MinION	Chinese Center for Disease Control and Prevention & Chinese Academy of Preventive Medicine	PRJNA1527636	SAMN63091845	1466	1285	141		Rickettsia	99.7	
ASM62012309v1	GCF_062012309.1	GCA_062012309.1	Rickettsia japonica	35790	OK		YC22					GCF_062012309.1-RS_2026_10_01	NCBI Prokaryotic Genome Annotation Pipeline (PGAP)	2026-10-01	1283484	1	1	Complete Genome	2026-10-01	JCELHH01	1283484	1283484	1	32.5							Illumina NovaSeq; Oxford Nanopore MinION	Chinese Center for Disease Control and Prevention & Chinese Academy of Preventive Medicine	PRJNA1527636	SAMN63091845	1466	1285	141		Rickettsia	99.7	
ASM985799v1	GCA_009857995.1	GCF_009857995.1	Rickettsia japonica	35790	OK		LA16/2015					NCBI Prokaryotic Genome Annotation Pipeline (PGAP)	NCBI Prokaryotic Genome Annotation Pipeline (PGAP)	2020-01-03	1283331	1	1	Complete Genome	2020-01-13		1283331	1283331	1	32.5							Oxford Nanopore GridION; Illumina HiSeq	Zhejiang Province Center for Disease Control and Prevention	PRJNA597570	SAMN13677609	1499	1196	263		Rickettsia	99.7	
ASM985799v1	GCF_009857995.1	GCA_009857995.1	Rickettsia japonica	35790	OK		LA16/2015					GCF_009857995.1-RS_2026_01_08	NCBI Prokaryotic Genome Annotation Pipeline (PGAP)	2026-01-08	1283331	1	1	Complete Genome	2020-01-13		1283331	1283331	1	32.5							Oxford Nanopore GridION; Illumina HiSeq	Zhejiang Province Center for Disease Control and Prevention	PRJNA597570	SAMN13677609	1473	1293	140		Rickettsia	99.7	
ASM345471v1	GCA_003454715.1	GCF_003454715.1	Rickettsia japonica	35790	OK		LA4/2015					NCBI Prokaryotic Genome Annotation Pipeline (PGAP)	NCBI Prokaryotic Genome Annotation Pipeline (PGAP)	2018-08-30	1283254	1	1	Complete Genome	2018-09-05		1283254	1283254	1	32.5							Illumina	Zhejiang Province Center for Disease Control and Prevention	PRJNA486884	SAMN09862435	1556	1216	300		Rickettsia	99.7	
ASM345471v1	GCF_003454715.1	GCA_003454715.1	Rickettsia japonica	35790	OK		LA4/2015					GCF_003454715.1-RS_2026_01_08	NCBI Prokaryotic Genome Annotation Pipeline (PGAP)	2026-01-08	1283254	1	1	Complete Genome	2018-09-05		1283254	1283254	1	32.5							Illumina	Zhejiang Province Center for Disease Control and Prevention	PRJNA486884	SAMN09862435	1481	1298	143		Rickettsia	99.7	
ASM235715v1	GCA_002357155.1	GCF_002357155.1	Rickettsia japonica	35790	OK		OHH-1								1283227	1	1	Complete Genome	2017-01-23		1283227	1283227	1	32.5							Illumina MiSeq; ABI 3730	Department of Microbiology, Graduate School of Medical and Dental Sciences, Kagoshima University	PRJDB4932	SAMD00053848					Rickettsia	99.7	
ASM235715v1	GCF_002357155.1	GCA_002357155.1	Rickettsia japonica	35790	OK		OHH-1					GCF_002357155.1-RS_2026_01_08	NCBI Prokaryotic Genome Annotation Pipeline (PGAP)	2026-01-08	1283227	1	1	Complete Genome	2017-01-23		1283227	1283227	1	32.5							Illumina MiSeq; ABI 3730	Department of Microbiology, Graduate School of Medical and Dental Sciences, Kagoshima University	PRJDB4932	SAMD00053848	1469	1287	142		Rickettsia	99.7	
ASM4405881v1	GCA_044058815.1	GCF_044058815.1	Rickettsia rickettsii	783	OK		Mt. Konocti					NCBI Prokaryotic Genome Annotation Pipeline (PGAP)	NCBI Prokaryotic Genome Annotation Pipeline (PGAP)	2023-07-17	1288010	1	1	Complete Genome	2024-10-29		1288010	1288010	1	32.5							PacBio and Illumina MiSeq	Northern Arizona University	PRJNA988043	SAMN35997827	1441	1337	64		Rickettsia rickettsii	99.4	1.94
ASM4405881v1	GCF_044058815.1	GCA_044058815.1	Rickettsia rickettsii	783	OK		Mt. Konocti					GCF_044058815.1-RS_2025_01_08	NCBI Prokaryotic Genome Annotation Pipeline (PGAP)	2025-01-08	1288010	1	1	Complete Genome	2024-10-29		1288010	1288010	1	32.5							PacBio and Illumina MiSeq	Northern Arizona University	PRJNA988043	SAMN35997827	1448	1309	99		Rickettsia rickettsii	99.4	1.94
ASM4405818v1	GCA_044058185.1	GCF_044058185.1	Rickettsia rickettsii	783	OK		Orange					NCBI Prokaryotic Genome Annotation Pipeline (PGAP)	NCBI Prokaryotic Genome Annotation Pipeline (PGAP)	2023-07-18	1288000	1	1	Complete Genome	2024-10-29		1288000	1288000	1	32.5							PacBio and Illumina MiSeq	Northern Arizona University	PRJNA988043	SAMN35997828	1450	1347	63		Rickettsia rickettsii	99.4	1.94
ASM4405818v1	GCF_044058185.1	GCA_044058185.1	Rickettsia rickettsii	783	OK		Orange					GCF_044058185.1-RS_2025_01_08	NCBI Prokaryotic Genome Annotation Pipeline (PGAP)	2025-01-08	1288000	1	1	Complete Genome	2024-10-29		1288000	1288000	1	32.5							PacBio and Illumina MiSeq	Northern Arizona University	PRJNA988043	SAMN35997828	1455	1318	97		Rickettsia rickettsii	99.4	1.94
ASM4405912v1	GCA_044059125.1	GCF_044059125.1	Rickettsia rickettsii	783	OK		Crystal Cove					NCBI Prokaryotic Genome Annotation Pipeline (PGAP)	NCBI Prokaryotic Genome Annotation Pipeline (PGAP)	2023-07-17	1288000	1	1	Complete Genome	2024-10-29		1288000	1288000	1	32.5							PacBio and Illumina MiSeq	Northern Arizona University	PRJNA988043	SAMN35997824	1456	1352	64		Rickettsia rickettsii	99.4	1.94
ASM4405912v1	GCF_044059125.1	GCA_044059125.1	Rickettsia rickettsii	783	OK		Crystal Cove					GCF_044059125.1-RS_2025_01_08	NCBI Prokaryotic Genome Annotation Pipeline (PGAP)	2025-01-08	1288000	1	1	Complete Genome	2024-10-29		1288000	1288000	1	32.5							PacBio and Illumina MiSeq	Northern Arizona University	PRJNA988043	SAMN35997824	1460	1322	98		Rickettsia rickettsii	99.4	1.94
ASM4405883v1	GCA_044058835.1	GCF_044058835.1	Rickettsia rickettsii	783	OK		El Moro Canyon					NCBI Prokaryotic Genome Annotation Pipeline (PGAP)	NCBI Prokaryotic Genome Annotation Pipeline (PGAP)	2023-07-17	1287994	1	1	Complete Genome	2024-10-29		1287994	1287994	1	32.5							PacBio and Illumina MiSeq	Northern Arizona University	PRJNA988043	SAMN35997825	1454	1351	63		Rickettsia rickettsii	99.4	1.94
ASM4405883v1	GCF_044058835.1	GCA_044058835.1	Rickettsia rickettsii	783	OK		El Moro Canyon					GCF_044058835.1-RS_2025_01_08	NCBI Prokaryotic Genome Annotation Pipeline (PGAP)	2025-01-08	1287994	1	1	Complete Genome	2024-10-29		1287994	1287994	1	32.5							PacBio and Illumina MiSeq	Northern Arizona University	PRJNA988043	SAMN35997825	1459	1322	97		Rickettsia rickettsii	99.4	1.94
ASM4405816v1	GCA_044058165.1	GCF_044058165.1	Rickettsia rickettsii	783	OK		Highland Creek					NCBI Prokaryotic Genome Annotation Pipeline (PGAP)	NCBI Prokaryotic Genome Annotation Pipeline (PGAP)	2023-07-17	1287869	1	1	Complete Genome	2024-10-29		1287869	1287869	1	32.5							PacBio and Illumina MiSeq	Northern Arizona University	PRJNA988043	SAMN35997832	1463	1361	62		Rickettsia rickettsii	99.4	1.94
ASM4405816v1	GCF_044058165.1	GCA_044058165.1	Rickettsia rickettsii	783	OK		Highland Creek					GCF_044058165.1-RS_2025_01_08	NCBI Prokaryotic Genome Annotation Pipeline (PGAP)	2025-01-08	1287869	1	1	Complete Genome	2024-10-29		1287869	1287869	1	32.5							PacBio and Illumina MiSeq	Northern Arizona University	PRJNA988043	SAMN35997832	1468	1331	97		Rickettsia rickettsii	99.4	1.94
ASM4392913v1	GCA_043929135.1	GCF_043929135.1	Rickettsia rickettsii	783	OK		Cache Creek					NCBI Prokaryotic Genome Annotation Pipeline (PGAP)	NCBI Prokaryotic Genome Annotation Pipeline (PGAP)	2024-04-09	1287866	1	1	Complete Genome	2024-10-26		1287866	1287866	1	32.5							PacBio and Illumina MiSeq	Northern Arizona University	PRJNA988043	SAMN40528988	1467	1328	99		Rickettsia rickettsii	99.4	1.94
ASM4392913v1	GCF_043929135.1	GCA_043929135.1	Rickettsia rickettsii	783	OK		Cache Creek					GCF_043929135.1-RS_2025_01_08	NCBI Prokaryotic Genome Annotation Pipeline (PGAP)	2025-01-08	1287866	1	1	Complete Genome	2024-10-26		1287866	1287866	1	32.5							PacBio and Illumina MiSeq	Northern Arizona University	PRJNA988043	SAMN40528988	1461	1323	98		Rickettsia rickettsii	99.4	1.94
ASM4403870v1	GCA_044038705.1	GCF_044038705.1	Rickettsia rickettsii	783	OK		Pierce Canyon					NCBI Prokaryotic Genome Annotation Pipeline (PGAP)	NCBI Prokaryotic Genome Annotation Pipeline (PGAP)	2023-07-17	1287849	1	1	Complete Genome	2024-10-29		1287849	1287849	1	32.5							PacBio and Illumina MiSeq	Northern Arizona University	PRJNA988043	SAMN35997829	1462	1358	64		Rickettsia rickettsii	99.4	1.94
ASM4403870v1	GCF_044038705.1	GCA_044038705.1	Rickettsia rickettsii	783	OK		Pierce Canyon					GCF_044038705.1-RS_2025_01_08	NCBI Prokaryotic Genome Annotation Pipeline (PGAP)	2025-01-08	1287849	1	1	Complete Genome	2024-10-29		1287849	1287849	1	32.5							PacBio and Illumina MiSeq	Northern Arizona University	PRJNA988043	SAMN35997829	1465	1326	99		Rickettsia rickettsii	99.4	1.94
ASM4405817v1	GCA_044058175.1	GCF_044058175.1	Rickettsia rickettsii	783	OK		Pine Mountain					NCBI Prokaryotic Genome Annotation Pipeline (PGAP)	NCBI Prokaryotic Genome Annotation Pipeline (PGAP)	2023-07-17	1287760	1	1	Complete Genome	2024-10-29		1287760	1287760	1	32.5							PacBio and Illumina MiSeq	Northern Arizona University	PRJNA988043	SAMN35997830	1455	1353	62		Rickettsia rickettsii	99.4	1.94
ASM4405817v1	GCF_044058175.1	GCA_044058175.1	Rickettsia rickettsii	783	OK		Pine Mountain					GCF_044058175.1-RS_2025_01_08	NCBI Prokaryotic Genome Annotation Pipeline (PGAP)	2025-01-08	1287760	1	1	Complete Genome	2024-10-29		1287760	1287760	1	32.5							PacBio and Illumina MiSeq	Northern Arizona University	PRJNA988043	SAMN35997830	1461	1325	96		Rickettsia rickettsii	99.4	1.94
ASM4405882v1	GCA_044058825.1	GCF_044058825.1	Rickettsia rickettsii	783	OK		Lake					NCBI Prokaryotic Genome Annotation Pipeline (PGAP)	NCBI Prokaryotic Genome Annotation Pipeline (PGAP)	2023-07-17	1287760	1	1	Complete Genome	2024-10-29		1287760	1287760	1	32.5							PacBio and Illumina MiSeq	Northern Arizona University	PRJNA988043	SAMN35997826	1455	1353	62		Rickettsia rickettsii	99.4	1.94
ASM4405882v1	GCF_044058825.1	GCA_044058825.1	Rickettsia rickettsii	783	OK		Lake					GCF_044058825.1-RS_2025_01_08	NCBI Prokaryotic Genome Annotation Pipeline (PGAP)	2025-01-08	1287760	1	1	Complete Genome	2024-10-29		1287760	1287760	1	32.5							PacBio and Illumina MiSeq	Northern Arizona University	PRJNA988043	SAMN35997826	1461	1325	96		Rickettsia rickettsii	99.4	1.94
ASM4403869v1	GCA_044038695.1	GCF_044038695.1	Rickettsia rickettsii	783	OK		Wright Peak					NCBI Prokaryotic Genome Annotation Pipeline (PGAP)	NCBI Prokaryotic Genome Annotation Pipeline (PGAP)	2023-07-18	1287356	1	1	Complete Genome	2024-10-29		1287356	1287356	1	32.5							PacBio and Illumina MiSeq	Northern Arizona University	PRJNA988043	SAMN35997831	1442	1338	64		Rickettsia rickettsii	99.4	1.94
ASM4403869v1	GCF_044038695.1	GCA_044038695.1	Rickettsia rickettsii	783	OK		Wright Peak					GCF_044038695.1-RS_2025_01_08	NCBI Prokaryotic Genome Annotation Pipeline (PGAP)	2025-01-08	1287356	1	1	Complete Genome	2024-10-29		1287356	1287356	1	32.5							PacBio and Illumina MiSeq	Northern Arizona University	PRJNA988043	SAMN35997831	1447	1307	100		Rickettsia rickettsii	99.4	1.94
ASM2371674v1	GCA_023716745.1	GCF_023716745.1	Rickettsia rickettsii	783	OK		AZ-5					NCBI Prokaryotic Genome Annotation Pipeline (PGAP)	NCBI Prokaryotic Genome Annotation Pipeline (PGAP)	2022-06-08	1269677	1	1	Complete Genome	2022-06-14		1269677	1269677	1	32.5							PacBio Sequel, Illumina MiSeq	NIAID	PRJNA846795	SAMN28905356	1429	1325	63		Rickettsia rickettsii	99.32	0.22
ASM2371674v1	GCF_023716745.1	GCA_023716745.1	Rickettsia rickettsii	783	OK		AZ-5					GCF_023716745.1-RS_2026_01_08	NCBI Prokaryotic Genome Annotation Pipeline (PGAP)	2026-01-08	1269677	1	1	Complete Genome	2022-06-14		1269677	1269677	1	32.5							PacBio Sequel, Illumina MiSeq	NIAID	PRJNA846795	SAMN28905356	1458	1321	96		Rickettsia rickettsii	99.32	0.22
ASM2371678v1	GCA_023716785.1	GCF_023716785.1	Rickettsia rickettsii	783	OK		Taiacu					NCBI Prokaryotic Genome Annotation Pipeline (PGAP)	NCBI Prokaryotic Genome Annotation Pipeline (PGAP)	2022-06-08	1258454	1	1	Complete Genome	2022-06-14		1258454	1258454	1	32.5							PacBio Sequel, Illumina MiSeq	NIAID	PRJNA846795	SAMN28905355	1421	1316	59		Rickettsia rickettsii	97.93	0.28
ASM2371678v1	GCF_023716785.1	GCA_023716785.1	Rickettsia rickettsii	783	OK		Taiacu					GCF_023716785.1-RS_2026_01_08	NCBI Prokaryotic Genome Annotation Pipeline (PGAP)	2026-01-08	1258454	1	1	Complete Genome	2022-06-14		1258454	1258454	1	32.5							PacBio Sequel, Illumina MiSeq	NIAID	PRJNA846795	SAMN28905355	1452	1311	95		Rickettsia rickettsii	97.93	0.28
ASM2371676v1	GCA_023716765.1	GCF_023716765.1	Rickettsia rickettsii	783	OK		Sao Paulo					NCBI Prokaryotic Genome Annotation Pipeline (PGAP)	NCBI Prokaryotic Genome Annotation Pipeline (PGAP)	2022-06-08	1257910	1	1	Complete Genome	2022-06-14		1257910	1257910	1	32.5							PacBio Sequel, Illumina MiSeq	NIAID	PRJNA846795	SAMN28905354	1413	1313	58		Rickettsia rickettsii	99.32	0.28
ASM2371676v1	GCF_023716765.1	GCA_023716765.1	Rickettsia rickettsii	783	OK		Sao Paulo					GCF_023716765.1-RS_2026_01_08	NCBI Prokaryotic Genome Annotation Pipeline (PGAP)	2026-01-08	1257910	1	1	Complete Genome	2022-06-14		1257910	1257910	1	32.5							PacBio Sequel, Illumina MiSeq	NIAID	PRJNA846795	SAMN28905354	1447	1311	94		Rickettsia rickettsii	99.32	0.28
ASM2725297v2	GCA_027252975.2	GCF_027252975.2	Rickettsia rickettsii	783	OK		RMSFvaccine								1257699	1	1	Complete Genome	2023-03-23		1257699	1257699	1	32.5							Illumina NextSeq	NIAID	PRJNA880551	SAMN30852922					Rickettsia rickettsii	99.32	0.28
ASM2725297v2	GCF_027252975.2	GCA_027252975.2	Rickettsia rickettsii	783	OK		RMSFvaccine					GCF_027252975.2-RS_2026_07_12	NCBI Prokaryotic Genome Annotation Pipeline (PGAP)	2026-07-12	1257699	1	1	Complete Genome	2023-03-23		1257699	1257699	1	32.5							Illumina NextSeq	NIAID	PRJNA880551	SAMN30852922	1434	1297	96		Rickettsia rickettsii	99.32	0.28
ASM2990973v1	GCA_029909735.1	GCF_029909735.1	Rickettsia rickettsii str. 'Sheila Smith'	392021	OK		Sheila Smith					NCBI Prokaryotic Genome Annotation Pipeline (PGAP)	NCBI Prokaryotic Genome Annotation Pipeline (PGAP)	2023-04-10	1257745	1	1	Complete Genome	2023-05-01		1257745	1257745	1	32.5							PacBio Sequel; Illumina MiSeq	NIAID	PRJNA846795	SAMN34104445	1431	1330	60		Rickettsia rickettsii	99.32	0.28
ASM2990973v1	GCF_029909735.1	GCA_029909735.1	Rickettsia rickettsii str. 'Sheila Smith'	392021	OK		Sheila Smith					GCF_029909735.1-RS_2026_01_08	NCBI Prokaryotic Genome Annotation Pipeline (PGAP)	2026-01-08	1257745	1	1	Complete Genome	2023-05-01		1257745	1257745	1	32.5							PacBio Sequel; Illumina MiSeq	NIAID	PRJNA846795	SAMN34104445	1440	1302	97		Rickettsia rickettsii	99.32	0.28
ASM28393v1	GCA_000283935.1	GCF_000283935.1	Rickettsia rickettsii str. Hlp#2	1105101	OK		Hlp#2					Annotation submitted by Los Alamos National Laboratory		2014-01-31	1270751	1	1	Complete Genome	2012-02-17		1270751	1270751	1	32.5								Los Alamos National Laboratory	PRJNA75015	SAMN02603549	1345	1308			Rickettsia rickettsii	99.31	0.22
ASM28393v1	GCF_000283935.1	GCA_000283935.1	Rickettsia rickettsii str. Hlp#2	1105101	OK		Hlp#2					GCF_000283935.1-RS_2026_01_08	NCBI Prokaryotic Genome Annotation Pipeline (PGAP)	2026-01-08	1270751	1	1	Complete Genome	2012-02-17		1270751	1270751	1	32.5								Los Alamos National Laboratory	PRJNA75015	SAMN02603549	1454	1308	105		Rickettsia rickettsii	99.31	0.22
ASM28377v1	GCA_000283775.1	GCF_000283775.1	Rickettsia rickettsii str. Colombia	1105102	OK		Colombia					Annotation submitted by Los Alamos National Laboratory		2014-01-31	1270083	1	1	Complete Genome	2012-02-17		1270083	1270083	1	32.5								Los Alamos National Laboratory	PRJNA75019	SAMN02603550	1387	1350			Rickettsia rickettsii	99.32	0.28
ASM28377v1	GCF_000283775.1	GCA_000283775.1	Rickettsia rickettsii str. Colombia	1105102	OK		Colombia					GCF_000283775.1-RS_2026_01_08	NCBI Prokaryotic Genome Annotation Pipeline (PGAP)	2026-01-08	1270083	1	1	Complete Genome	2012-02-17		1270083	1270083	1	32.5								Los Alamos National Laboratory	PRJNA75019	SAMN02603550	1457	1317	99		Rickettsia rickettsii	99.32	0.28
ASM28381v1	GCA_000283815.1	GCF_000283815.1	Rickettsia rickettsii str. Hino	1105100	OK		Hino					Annotation submitted by Los Alamos National Laboratory		2014-01-31	1269837	1	1	Complete Genome	2012-02-17		1269837	1269837	1	32.5								Los Alamos National Laboratory	PRJNA75011	SAMN02603548	1373	1336			Rickettsia rickettsii	99.32	0.22
ASM28381v1	GCF_000283815.1	GCA_000283815.1	Rickettsia rickettsii str. Hino	1105100	OK		Hino					GCF_000283815.1-RS_2026_01_08	NCBI Prokaryotic Genome Annotation Pipeline (PGAP)	2026-01-08	1269837	1	1	Complete Genome	2012-02-17		1269837	1269837	1	32.5								Los Alamos National Laboratory	PRJNA75011	SAMN02603548	1459	1323	95		Rickettsia rickettsii	99.32	0.22
ASM83154v1	GCA_000831545.1	GCF_000831545.1	Rickettsia rickettsii str. Morgan	1337396	OK		Morgan					NCBI Prokaryotic Genome Annotation Pipeline (PGAP)	NCBI Prokaryotic Genome Annotation Pipeline (PGAP)	2013-06-06	1269809	1	1	Complete Genome	2015-02-03		1269809	1269809	1	32.5							Sanger dideoxy sequencing; Illumina; SOLiD; Microarray	Rocky Mountain Laboratories	PRJNA205204	SAMN03324096	1436	1343	55		Rickettsia rickettsii	99.32	0.22
ASM83154v1	GCF_000831545.1	GCA_000831545.1	Rickettsia rickettsii str. Morgan	1337396	OK		Morgan					GCF_000831545.1-RS_2026_01_08	NCBI Prokaryotic Genome Annotation Pipeline (PGAP)	2026-01-08	1269809	1	1	Complete Genome	2015-02-03		1269809	1269809	1	32.5							Sanger dideoxy sequencing; Illumina; SOLiD; Microarray	Rocky Mountain Laboratories	PRJNA205204	SAMN03324096	1459	1320	97		Rickettsia rickettsii	99.32	0.22
ASM28379v1	GCA_000283795.1	GCF_000283795.1	Rickettsia rickettsii str. Arizona	1105105	OK		Arizona					Annotation submitted by Los Alamos National Laboratory		2016-07-20	1267197	1	1	Complete Genome	2012-02-17		1267197	1267197	1	32.5								Los Alamos National Laboratory	PRJNA75025	SAMN02603553	1380	1343			Rickettsia rickettsii	99.28	0.22
ASM28379v1	GCF_000283795.1	GCA_000283795.1	Rickettsia rickettsii str. Arizona	1105105	OK		Arizona					GCF_000283795.1-RS_2026_01_08	NCBI Prokaryotic Genome Annotation Pipeline (PGAP)	2026-01-08	1267197	1	1	Complete Genome	2012-02-17		1267197	1267197	1	32.5								Los Alamos National Laboratory	PRJNA75025	SAMN02603553	1458	1322	95		Rickettsia rickettsii	99.28	0.22
ASM83152v1	GCA_000831525.1	GCF_000831525.1	Rickettsia rickettsii str. R	1338411	OK		R					NCBI Prokaryotic Genome Annotation Pipeline (PGAP)	NCBI Prokaryotic Genome Annotation Pipeline (PGAP)	2013-06-06	1257005	1	1	Complete Genome	2015-02-03		1257005	1257005	1	32.5							Sanger dideoxy sequencing; Illumina; SOLiD; Microarray	Rocky Mountain Laboratories	PRJNA205162	SAMN03324097	1420	1334	49		Rickettsia rickettsii	99.25	0.28
ASM83152v1	GCF_000831525.1	GCA_000831525.1	Rickettsia rickettsii str. R	1338411	OK		R					GCF_000831525.1-RS_2026_01_08	NCBI Prokaryotic Genome Annotation Pipeline (PGAP)	2026-01-08	1257005	1	1	Complete Genome	2015-02-03		1257005	1257005	1	32.5							Sanger dideoxy sequencing; Illumina; SOLiD; Microarray	Rocky Mountain Laboratories	PRJNA205162	SAMN03324097	1441	1298	102		Rickettsia rickettsii	99.25	0.28
ASM28395v1	GCA_000283955.1	GCF_000283955.1	Rickettsia rickettsii str. Brazil	1105104	OK		Brazil					Annotation submitted by Los Alamos National Laboratory		2014-01-31	1255681	1	1	Complete Genome	2012-02-17		1255681	1255681	1	32.5								Los Alamos National Laboratory	PRJNA75023	SAMN02603552	1369	1332			Rickettsia rickettsii	99.32	0.28
ASM28395v1	GCF_000283955.1	GCA_000283955.1	Rickettsia rickettsii str. Brazil	1105104	OK		Brazil					GCF_000283955.1-RS_2026_01_08	NCBI Prokaryotic Genome Annotation Pipeline (PGAP)	2026-01-08	1255681	1	1	Complete Genome	2012-02-17		1255681	1255681	1	32.5								Los Alamos National Laboratory	PRJNA75023	SAMN02603552	1436	1302	93		Rickettsia rickettsii	99.32	0.28
ASM19573v1	GCA_000195735.1	GCF_000195735.1	Rickettsia prowazekii str. Madrid E	272947	OK		Madrid E					Annotation submitted by Uppsala Univ.		2015-03-04	1111523	1	1	Complete Genome	2003-05-06		1111523	1111523	1	29								Uppsala Univ.	PRJNA43	SAMEA3138318	884	834			Rickettsia prowazekii	93.39	0.33
ASM19573v1	GCF_000195735.1	GCA_000195735.1	Rickettsia prowazekii str. Madrid E	272947	OK		Madrid E					GCF_000195735.1-RS_2026_01_08	NCBI Prokaryotic Genome Annotation Pipeline (PGAP)	2026-01-08	1111523	1	1	Complete Genome	2003-05-06		1111523	1111523	1	29								Uppsala Univ.	PRJNA43	SAMEA3138318	896	823	33		Rickettsia prowazekii	93.39	0.33
ASM160221v1	GCA_001602215.1	GCF_001602215.1	Rickettsia prowazekii	782	OK		Naples-1					NCBI Prokaryotic Genome Annotation Pipeline (PGAP)	NCBI Prokaryotic Genome Annotation Pipeline (PGAP)	2016-03-24	1111769	1	1	Complete Genome	2016-03-30		1111769	1111769	1	29							ILLUMINA MISEQ	cBio Corp	PRJNA257008	SAMN04216069	903	859	4		Rickettsia prowazekii	96.93	0.33
ASM160221v1	GCF_001602215.1	GCA_001602215.1	Rickettsia prowazekii	782	OK		Naples-1					GCF_001602215.1-RS_2026_01_08	NCBI Prokaryotic Genome Annotation Pipeline (PGAP)	2026-01-08	1111769	1	1	Complete Genome	2016-03-30		1111769	1111769	1	29							ILLUMINA MISEQ	cBio Corp	PRJNA257008	SAMN04216069	888	832	16		Rickettsia prowazekii	96.93	0.33
ASM27726v1	GCA_000277265.1	GCF_000277265.1	Rickettsia prowazekii str. RpGvF24	1105099	OK		RpGvF24					Annotation submitted by Los Alamos National Laboratory		2014-01-31	1112101	1	1	Complete Genome	2012-03-21		1112101	1112101	1	29								Los Alamos National Laboratory	PRJNA75009	SAMN02603547	870	834			Rickettsia prowazekii	96.99	0.33
ASM27726v1	GCF_000277265.1	GCA_000277265.1	Rickettsia prowazekii str. RpGvF24	1105099	OK		RpGvF24					GCF_000277265.1-RS_2026_01_08	NCBI Prokaryotic Genome Annotation Pipeline (PGAP)	2026-01-08	1112101	1	1	Complete Genome	2012-03-21		1112101	1112101	1	29								Los Alamos National Laboratory	PRJNA75009	SAMN02603547	891	830	21		Rickettsia prowazekii	96.99	0.33
ASM27724v1	GCA_000277245.1	GCF_000277245.1	Rickettsia prowazekii str. GvV257	1105098	OK		GvV257					Annotation submitted by Los Alamos National Laboratory		2014-01-31	1111969	1	1	Complete Genome	2012-03-21		1111969	1111969	1	29								Los Alamos National Laboratory	PRJNA75007	SAMN02603546	865	829			Rickettsia prowazekii	94.05	0.33
ASM27724v1	GCF_000277245.1	GCA_000277245.1	Rickettsia prowazekii str. GvV257	1105098	OK		GvV257					GCF_000277245.1-RS_2026_01_08	NCBI Prokaryotic Genome Annotation Pipeline (PGAP)	2026-01-08	1111969	1	1	Complete Genome	2012-03-21		1111969	1111969	1	29								Los Alamos National Laboratory	PRJNA75007	SAMN02603546	890	821	29		Rickettsia prowazekii	94.05	0.33
ASM2278v1	GCA_000022785.1	GCF_000022785.1	Rickettsia prowazekii str. Rp22	449216	OK		Rp22					Annotation submitted by Unite des Rickettsies, CNRS, Marseille		2014-01-31	1111612	1	1	Complete Genome	2010-03-30		1111612	1111612	1	29								Unite des Rickettsies, CNRS, Marseille	PRJNA19813	SAMN02604077	1001	952	10		Rickettsia prowazekii	96.93	0.33
ASM2278v1	GCF_000022785.1	GCA_000022785.1	Rickettsia prowazekii str. Rp22	449216	OK		Rp22					GCF_000022785.1-RS_2026_01_08	NCBI Prokaryotic Genome Annotation Pipeline (PGAP)	2026-01-08	1111612	1	1	Complete Genome	2010-03-30		1111612	1111612	1	29								Unite des Rickettsies, CNRS, Marseille	PRJNA19813	SAMN02604077	889	833	16		Rickettsia prowazekii	96.93	0.33
ASM36390v1	GCA_000363905.1	GCF_000363905.1	Rickettsia prowazekii str. NMRC Madrid E	1290427	OK		NMRC Madrid E					Annotation submitted by Naval Medical Research Center		2013-07-05	1111520	1	1	Complete Genome	2013-04-11		1111520	1111520	1	29							454 Titanium	Naval Medical Research Center	PRJNA188523	SAMN01983875	974	938			Rickettsia prowazekii	92.18	0.33
ASM36390v1	GCF_000363905.1	GCA_000363905.1	Rickettsia prowazekii str. NMRC Madrid E	1290427	OK		NMRC Madrid E					GCF_000363905.1-RS_2026_01_08	NCBI Prokaryotic Genome Annotation Pipeline (PGAP)	2026-01-08	1111520	1	1	Complete Genome	2013-04-11		1111520	1111520	1	29							454 Titanium	Naval Medical Research Center	PRJNA188523	SAMN01983875	892	792	60		Rickettsia prowazekii	92.18	0.33
ASM27718v1	GCA_000277185.1	GCF_000277185.1	Rickettsia prowazekii str. Katsinyian	1105095	OK		Katsinyian					Annotation submitted by Los Alamos National Laboratory		2014-01-31	1111454	1	1	Complete Genome	2012-03-21		1111454	1111454	1	29								Los Alamos National Laboratory	PRJNA75001	SAMN02603543	880	844			Rickettsia prowazekii	96.99	0.33
ASM27718v1	GCF_000277185.1	GCA_000277185.1	Rickettsia prowazekii str. Katsinyian	1105095	OK		Katsinyian					GCF_000277185.1-RS_2026_01_08	NCBI Prokaryotic Genome Annotation Pipeline (PGAP)	2026-01-08	1111454	1	1	Complete Genome	2012-03-21		1111454	1111454	1	29								Los Alamos National Laboratory	PRJNA75001	SAMN02603543	894	836	18		Rickettsia prowazekii	96.99	0.33
ASM27720v1	GCA_000277205.1	GCF_000277205.1	Rickettsia prowazekii str. BuV67-CWPP	1105096	OK		BuV67-CWPP					Annotation submitted by Los Alamos National Laboratory		2014-01-31	1111445	1	1	Complete Genome	2012-03-21		1111445	1111445	1	29								Los Alamos National Laboratory	PRJNA75003	SAMN02603544	879	843			Rickettsia prowazekii	96.99	0.33
ASM27720v1	GCF_000277205.1	GCA_000277205.1	Rickettsia prowazekii str. BuV67-CWPP	1105096	OK		BuV67-CWPP					GCF_000277205.1-RS_2026_01_08	NCBI Prokaryotic Genome Annotation Pipeline (PGAP)	2026-01-08	1111445	1	1	Complete Genome	2012-03-21		1111445	1111445	1	29								Los Alamos National Laboratory	PRJNA75003	SAMN02603544	894	836	18		Rickettsia prowazekii	96.99	0.33
ASM554911v1	GCA_005549115.1	GCF_005549115.1	Rickettsia parkeri	35792	Inconclusive		Atlantic Rainforest					NCBI Prokaryotic Genome Annotation Pipeline (PGAP)	NCBI Prokaryotic Genome Annotation Pipeline (PGAP)	2019-05-14	1348030	1	1	Complete Genome	2019-05-21		1348030	1348030	1	32.5							Illumina; Oxford Nanopore MiniION	University of Texas Medical Branch	PRJNA542380	SAMN11620640	1614	1310	264		Rickettsia	99.92	0.3
ASM554911v1	GCF_005549115.1	GCA_005549115.1	Rickettsia parkeri	35792	Inconclusive		Atlantic Rainforest					GCF_005549115.1-RS_2025_01_08	NCBI Prokaryotic Genome Annotation Pipeline (PGAP)	2025-01-08	1348030	1	1	Complete Genome	2019-05-21		1348030	1348030	1	32.5							Illumina; Oxford Nanopore MiniION	University of Texas Medical Branch	PRJNA542380	SAMN11620640	1525	1382	103		Rickettsia	99.92	0.3
ASM1861094v1	GCA_018610945.1	GCF_018610945.1	Rickettsia parkeri	35792	Inconclusive		Black Gap					Annotation submitted by Old Dominion University		2021-08-19	1329522	1	1	Complete Genome	2021-06-01		1329522	1329522	1	32.5							PacBio Sequel	Old Dominion University	PRJNA699590	SAMN17799550	1520	1484			Rickettsia	99.92	0.37
ASM1861094v1	GCF_018610945.1	GCA_018610945.1	Rickettsia parkeri	35792	Inconclusive		Black Gap					GCF_018610945.1-RS_2026_07_23	NCBI Prokaryotic Genome Annotation Pipeline (PGAP)	2026-07-23	1329522	1	1	Complete Genome	2021-06-01		1329522	1329522	1	32.5							PacBio Sequel	Old Dominion University	PRJNA699590	SAMN17799550	1496	1343	113		Rickettsia	99.92	0.37
ASM5142724v1	GCA_051427245.1	GCF_051427245.1	Rickettsia parkeri	35792	Inconclusive		Tate's Hell								1301832	1	1	Complete Genome	2025-07-21		1301832	1301832	1	32.5							Illumina; PacBio	University of Texas Medical Branch	PRJNA1284388	SAMN49722146					Rickettsia	85.67	0.14
ASM5142724v1	GCF_051427245.1	GCA_051427245.1	Rickettsia parkeri	35792	Inconclusive		Tate's Hell					GCF_051427245.1-RS_2026_07_23	NCBI Prokaryotic Genome Annotation Pipeline (PGAP)	2026-07-23	1301832	1	1	Complete Genome	2025-07-21		1301832	1301832	1	32.5							Illumina; PacBio	University of Texas Medical Branch	PRJNA1284388	SAMN49722146	1484	1238	209		Rickettsia	85.67	0.14
ASM28419v1	GCA_000284195.1	GCF_000284195.1	Rickettsia parkeri str. Portsmouth	1105108	Inconclusive		Portsmouth					Annotation submitted by Los Alamos National Laboratory		2014-01-31	1300386	1	1	Complete Genome	2012-03-01		1300386	1300386	1	32.5								Los Alamos National Laboratory	PRJNA75031	SAMN02603556	1355	1318			Rickettsia	99.74	0.14
ASM28419v1	GCF_000284195.1	GCA_000284195.1	Rickettsia parkeri str. Portsmouth	1105108	Inconclusive		Portsmouth					GCF_000284195.1-RS_2025_01_08	NCBI Prokaryotic Genome Annotation Pipeline (PGAP)	2025-01-08	1300386	1	1	Complete Genome	2012-03-01		1300386	1300386	1	32.5								Los Alamos National Laboratory	PRJNA75031	SAMN02603556	1494	1350	104		Rickettsia	99.74	0.14
ASM127379v1	GCA_001273795.1	GCF_001273795.1	Rickettsia amblyommatis	33989	Inconclusive		Ac37					NCBI Prokaryotic Genome Annotation Pipeline (PGAP)	NCBI Prokaryotic Genome Annotation Pipeline (PGAP)	2015-08-18	1456213	3	3	Complete Genome	2015-08-25		1415369	1415369	3	32.5							Illumina; PacBio	University of Minnesota	PRJNA256465	SAMN03997007	1392	1086	269		Rickettsia	99.38	0.3
ASM127379v1	GCF_001273795.1	GCA_001273795.1	Rickettsia amblyommatis	33989	Inconclusive		Ac37					GCF_001273795.1-RS_2025_01_08	NCBI Prokaryotic Genome Annotation Pipeline (PGAP)	2025-01-08	1456213	3	3	Complete Genome	2015-08-25		1415369	1415369	3	32.5							Illumina; PacBio	University of Minnesota	PRJNA256465	SAMN03997007	1649	1381	228		Rickettsia	99.38	0.3
ASM207833v1	GCA_002078335.1	GCF_002078335.1	Rickettsia amblyommatis	33989	Inconclusive					An13		NCBI Prokaryotic Genome Annotation Pipeline (PGAP)	NCBI Prokaryotic Genome Annotation Pipeline (PGAP)	2016-03-31	1480876	4	4	Complete Genome	2017-04-04		1407705	1407705	4	32.5							PacBio	University of New Hampshire	PRJNA316319	SAMN04576393	1548	1201	307		Rickettsia	99.54	0.3
ASM207833v1	GCF_002078335.1	GCA_002078335.1	Rickettsia amblyommatis	33989	Inconclusive					An13		GCF_002078335.1-RS_2025_01_08	NCBI Prokaryotic Genome Annotation Pipeline (PGAP)	2025-01-08	1480876	4	4	Complete Genome	2017-04-04		1407705	1407705	4	32.5							PacBio	University of New Hampshire	PRJNA316319	SAMN04576393	1688	1425	223		Rickettsia	99.54	0.3
ASM28405v1	GCA_000284055.1	GCF_000284055.1	Rickettsia amblyommatis str. GAT-30V	1105111	Inconclusive		GAT-30V					Annotation submitted by Los Alamos National Laboratory		2018-01-17	1480884	4	4	Complete Genome	2012-03-01		1407796	1407796	4	32.5								Los Alamos National Laboratory	PRJNA75043	SAMN02603561	1427	1390			Rickettsia	98.99	0.3
ASM28405v1	GCF_000284055.1	GCA_000284055.1	Rickettsia amblyommatis str. GAT-30V	1105111	Inconclusive		GAT-30V					GCF_000284055.1-RS_2025_01_08	NCBI Prokaryotic Genome Annotation Pipeline (PGAP)	2025-01-08	1480884	4	4	Complete Genome	2012-03-01		1407796	1407796	4	32.5								Los Alamos National Laboratory	PRJNA75043	SAMN02603561	1687	1421	226		Rickettsia	98.99	0.3
ASM144247v1	GCA_001442475.1	GCF_001442475.1	Rickettsia rhipicephali	33992	OK		HJ#5					NCBI Prokaryotic Genome Annotation Pipeline (PGAP)	NCBI Prokaryotic Genome Annotation Pipeline (PGAP)	2015-11-09	1448632	3	3	Complete Genome	2015-11-10		1406075	1406075	3	32.5							PacBio; Illumina	University of Minnesota	PRJNA301161	SAMN04240637	1521	1213	271		Rickettsia	98.99	0.18
ASM144247v1	GCF_001442475.1	GCA_001442475.1	Rickettsia rhipicephali	33992	OK		HJ#5					GCF_001442475.1-RS_2026_01_08	NCBI Prokaryotic Genome Annotation Pipeline (PGAP)	2026-01-08	1448632	3	3	Complete Genome	2015-11-10		1406075	1406075	3	32.5							PacBio; Illumina	University of Minnesota	PRJNA301161	SAMN04240637	1642	1394	208		Rickettsia	98.99	0.18
ASM207831v1	GCA_002078315.1	GCF_002078315.1	Rickettsia bellii	33990	OK					An04		NCBI Prokaryotic Genome Annotation Pipeline (PGAP)	NCBI Prokaryotic Genome Annotation Pipeline (PGAP)	2016-03-31	1579798	2	2	Complete Genome	2017-04-04		1543886	1543886	2	31.5							PacBio	University of New Hampshire	PRJNA316319	SAMN04576394	1519	1345	134		Rickettsia	98.03	1
ASM207831v1	GCF_002078315.1	GCA_002078315.1	Rickettsia bellii	33990	OK					An04		GCF_002078315.1-RS_2026_01_08	NCBI Prokaryotic Genome Annotation Pipeline (PGAP)	2026-01-08	1579798	2	2	Complete Genome	2017-04-04		1543886	1543886	2	31.5							PacBio	University of New Hampshire	PRJNA316319	SAMN04576394	1589	1464	84		Rickettsia	98.03	1
ASM1824v1	GCA_000018245.1	GCF_000018245.1	Rickettsia bellii OSU 85-389	391896	OK		OSU 85-389					Annotation submitted by University of Iowa		2014-01-31	1528980	1	1	Complete Genome	2007-10-02		1528980	1528980	1	31.5								University of Iowa	PRJNA17237	SAMN02604191	1511	1476			Rickettsia	95.06	0.41
ASM1824v1	GCF_000018245.1	GCA_000018245.1	Rickettsia bellii OSU 85-389	391896	OK		OSU 85-389					GCF_000018245.1-RS_2026_01_08	NCBI Prokaryotic Genome Annotation Pipeline (PGAP)	2026-01-08	1528980	1	1	Complete Genome	2007-10-02		1528980	1528980	1	31.5								University of Iowa	PRJNA17237	SAMN02604191	1565	1415	109		Rickettsia	95.06	0.41
ASM4275851v1	GCA_042758515.1	GCF_042758515.1	Rickettsia sibirica	35793	OK		O53					NCBI Prokaryotic Genome Annotation Pipeline (PGAP)	NCBI Prokaryotic Genome Annotation Pipeline (PGAP)	2024-09-27	1281771	1	1	Complete Genome	2024-10-08		1281771	1281771	1	32.5							Illumina HiSeq; Oxford Nanopore	Chinese Center for Disease Control and Prevention	PRJNA1163524	SAMN43852507	1506	1360	104		Rickettsia	99.92	0.57
ASM4275851v1	GCF_042758515.1	GCA_042758515.1	Rickettsia sibirica	35793	OK		O53					GCF_042758515.1-RS_2025_01_08	NCBI Prokaryotic Genome Annotation Pipeline (PGAP)	2025-01-08	1281771	1	1	Complete Genome	2024-10-08		1281771	1281771	1	32.5							Illumina HiSeq; Oxford Nanopore	Chinese Center for Disease Control and Prevention	PRJNA1163524	SAMN43852507	1468	1331	95		Rickettsia	99.92	0.57
ASM4276126v1	GCA_042761265.1	GCF_042761265.1	Rickettsia sibirica	35793	OK		JHT					NCBI Prokaryotic Genome Annotation Pipeline (PGAP)	NCBI Prokaryotic Genome Annotation Pipeline (PGAP)	2024-09-27	1279624	1	1	Complete Genome	2024-10-08		1279624	1279624	1	32.5							Illumina HiSeq; Oxford Nanopore	Chinese Center for Disease Control and Prevention	PRJNA1163524	SAMN43852508	1498	1358	100		Rickettsia	99.92	0.73
ASM4276126v1	GCF_042761265.1	GCA_042761265.1	Rickettsia sibirica	35793	OK		JHT					GCF_042761265.1-RS_2025_01_08	NCBI Prokaryotic Genome Annotation Pipeline (PGAP)	2025-01-08	1279624	1	1	Complete Genome	2024-10-08		1279624	1279624	1	32.5							Illumina HiSeq; Oxford Nanopore	Chinese Center for Disease Control and Prevention	PRJNA1163524	SAMN43852508	1461	1326	95		Rickettsia	99.92	0.73
ASM4276020v1	GCA_042760205.1	GCF_042760205.1	Rickettsia sibirica subsp. sibirica BJ-90	1130827	OK		BJ-90					NCBI Prokaryotic Genome Annotation Pipeline (PGAP)	NCBI Prokaryotic Genome Annotation Pipeline (PGAP)	2024-10-01	1257701	1	1	Complete Genome	2024-10-08		1257701	1257701	1	32.5							Illumina HiSeq; Oxford Nanopore	Chinese Center for Disease Control and Prevention	PRJNA1163524	SAMN43852512	1469	1336	93		Rickettsia	99.87	
ASM4276020v1	GCF_042760205.1	GCA_042760205.1	Rickettsia sibirica subsp. sibirica BJ-90	1130827	OK		BJ-90					GCF_042760205.1-RS_2025_01_08	NCBI Prokaryotic Genome Annotation Pipeline (PGAP)	2025-01-08	1257701	1	1	Complete Genome	2024-10-08		1257701	1257701	1	32.5							Illumina HiSeq; Oxford Nanopore	Chinese Center for Disease Control and Prevention	PRJNA1163524	SAMN43852512	1435	1309	86		Rickettsia	99.87	
ASM4275737v1	GCA_042757375.1	GCF_042757375.1	Rickettsia sibirica	35793	OK		FK58					NCBI Prokaryotic Genome Annotation Pipeline (PGAP)	NCBI Prokaryotic Genome Annotation Pipeline (PGAP)	2024-09-27	1257369	1	1	Complete Genome	2024-10-08		1257369	1257369	1	32.5							Illumina HiSeq; Oxford Nanopore	Chinese Center for Disease Control and Prevention	PRJNA1163524	SAMN43852506	1477	1341	96		Rickettsia	99.7	
ASM4275737v1	GCF_042757375.1	GCA_042757375.1	Rickettsia sibirica	35793	OK		FK58					GCF_042757375.1-RS_2025_01_08	NCBI Prokaryotic Genome Annotation Pipeline (PGAP)	2025-01-08	1257369	1	1	Complete Genome	2024-10-08		1257369	1257369	1	32.5							Illumina HiSeq; Oxford Nanopore	Chinese Center for Disease Control and Prevention	PRJNA1163524	SAMN43852506	1439	1313	86		Rickettsia	99.7	
ASM4276159v1	GCA_042761595.1	GCF_042761595.1	Rickettsia sibirica	35793	OK		MT84					NCBI Prokaryotic Genome Annotation Pipeline (PGAP)	NCBI Prokaryotic Genome Annotation Pipeline (PGAP)	2024-09-27	1257299	1	1	Complete Genome	2024-10-08		1257299	1257299	1	32.5							Illumina HiSeq; Oxford Nanopore	Chinese Center for Disease Control and Prevention	PRJNA1163524	SAMN43852509	1468	1333	95		Rickettsia	99.92	
ASM4276159v1	GCF_042761595.1	GCA_042761595.1	Rickettsia sibirica	35793	OK		MT84					GCF_042761595.1-RS_2025_01_08	NCBI Prokaryotic Genome Annotation Pipeline (PGAP)	2025-01-08	1257299	1	1	Complete Genome	2024-10-08		1257299	1257299	1	32.5							Illumina HiSeq; Oxford Nanopore	Chinese Center for Disease Control and Prevention	PRJNA1163524	SAMN43852509	1430	1301	89		Rickettsia	99.92	
ASM4275965v1	GCA_042759655.1	GCF_042759655.1	Rickettsia sibirica	35793	OK		AN					NCBI Prokaryotic Genome Annotation Pipeline (PGAP)	NCBI Prokaryotic Genome Annotation Pipeline (PGAP)	2024-09-27	1257285	1	1	Complete Genome	2024-10-08		1257285	1257285	1	32.5							Illumina HiSeq; Oxford Nanopore	Chinese Center for Disease Control and Prevention	PRJNA1163524	SAMN43852511	1466	1332	94		Rickettsia	99.92	
ASM4275965v1	GCF_042759655.1	GCA_042759655.1	Rickettsia sibirica	35793	OK		AN					GCF_042759655.1-RS_2025_01_08	NCBI Prokaryotic Genome Annotation Pipeline (PGAP)	2025-01-08	1257285	1	1	Complete Genome	2024-10-08		1257285	1257285	1	32.5							Illumina HiSeq; Oxford Nanopore	Chinese Center for Disease Control and Prevention	PRJNA1163524	SAMN43852511	1429	1303	86		Rickettsia	99.92	
ASM4534881v1	GCA_045348815.1	GCF_045348815.1	Rickettsia sibirica	35793	OK		SFGW					NCBI Prokaryotic Genome Annotation Pipeline (PGAP)	NCBI Prokaryotic Genome Annotation Pipeline (PGAP)	2024-09-27	1257257	1	1	Complete Genome	2024-10-08		1257257	1257257	1	32.5							Illumina HiSeq; Oxford Nanopore	Chinese Center for Disease Control and Prevention	PRJNA1163524	SAMN43852505	1465	1330	95		Rickettsia	99.88	
ASM4534881v1	GCF_045348815.1	GCA_045348815.1	Rickettsia sibirica	35793	OK		SFGW					GCF_045348815.1-RS_2025_01_08	NCBI Prokaryotic Genome Annotation Pipeline (PGAP)	2025-01-08	1257257	1	1	Complete Genome	2024-10-08		1257257	1257257	1	32.5							Illumina HiSeq; Oxford Nanopore	Chinese Center for Disease Control and Prevention	PRJNA1163524	SAMN43852505	1428	1299	89		Rickettsia	99.88	
ASM4276047v1	GCA_042760475.1	GCF_042760475.1	Rickettsia sibirica	35793	OK		Se					NCBI Prokaryotic Genome Annotation Pipeline (PGAP)	NCBI Prokaryotic Genome Annotation Pipeline (PGAP)	2024-09-27	1257247	1	1	Complete Genome	2024-10-08		1257247	1257247	1	32.5							Illumina HiSeq; Oxford Nanopore	Chinese Center for Disease Control and Prevention	PRJNA1163524	SAMN43852510	1478	1344	94		Rickettsia	99.92	
ASM4276047v1	GCF_042760475.1	GCA_042760475.1	Rickettsia sibirica	35793	OK		Se					GCF_042760475.1-RS_2025_01_08	NCBI Prokaryotic Genome Annotation Pipeline (PGAP)	2025-01-08	1257247	1	1	Complete Genome	2024-10-08		1257247	1257247	1	32.5							Illumina HiSeq; Oxford Nanopore	Chinese Center for Disease Control and Prevention	PRJNA1163524	SAMN43852510	1441	1313	88		Rickettsia	99.92	
ASM4275906v1	GCA_042759065.1	GCF_042759065.1	Rickettsia sibirica	35793	OK		TO85					NCBI Prokaryotic Genome Annotation Pipeline (PGAP)	NCBI Prokaryotic Genome Annotation Pipeline (PGAP)	2024-09-27	1257245	1	1	Complete Genome	2024-10-08		1257245	1257245	1	32.5							Illumina HiSeq; Oxford Nanopore	Chinese Center for Disease Control and Prevention	PRJNA1163524	SAMN43852513	1470	1335	95		Rickettsia	99.92	
ASM4275906v1	GCF_042759065.1	GCA_042759065.1	Rickettsia sibirica	35793	OK		TO85					GCF_042759065.1-RS_2025_01_08	NCBI Prokaryotic Genome Annotation Pipeline (PGAP)	2025-01-08	1257245	1	1	Complete Genome	2024-10-08		1257245	1257245	1	32.5							Illumina HiSeq; Oxford Nanopore	Chinese Center for Disease Control and Prevention	PRJNA1163524	SAMN43852513	1433	1304	89		Rickettsia	99.92	
ASM228590v1	GCA_002285905.1	GCF_002285905.1	Rickettsia sp. MEAM1 (Bemisia tabaci)	1182263	OK		MEAM1					NCBI Prokaryotic Genome Annotation Pipeline (PGAP)	NCBI Prokaryotic Genome Annotation Pipeline (PGAP)	2016-06-29	1378618	1	1	Complete Genome	2017-09-05		1378618	1378618	1	32.5							PacBio	Cornell University	PRJNA312470	SAMN05292331	1428	1233	156		Rickettsia	95.59	2.15
ASM228590v1	GCF_002285905.1	GCA_002285905.1	Rickettsia sp. MEAM1 (Bemisia tabaci)	1182263	OK		MEAM1					GCF_002285905.1-RS_2025_01_08	NCBI Prokaryotic Genome Annotation Pipeline (PGAP)	2025-01-08	1378618	1	1	Complete Genome	2017-09-05		1378618	1378618	1	32.5							PacBio	Cornell University	PRJNA312470	SAMN05292331	1555	1401	115		Rickettsia	95.59	2.15
DK2_Rh	GCA_963854155.1	GCF_963854155.1	Rickettsia helvetica	35789	Inconclusive					CC_DK		Annotation submitted by National Institute of Public Health and Environment (RIVM)		2024-07-10	1419726	2	2	Complete Genome	2024-07-08		1372538	1372538	2	32							OXFORD_NANOPORE,ILLUMINA	National Institute of Public Health and Environment (RIVM)	PRJEB70514	SAMEA114719827	1678	1539	97		Rickettsia	96.74	0.45
DK2_Rh	GCF_963854155.1	GCA_963854155.1	Rickettsia helvetica	35789	Inconclusive					CC_DK		GCF_963854155.1-RS_2025_01_08	NCBI Prokaryotic Genome Annotation Pipeline (PGAP)	2025-01-08	1419726	2	2	Complete Genome	2024-07-08		1372538	1372538	2	32							OXFORD_NANOPORE,ILLUMINA	National Institute of Public Health and Environment (RIVM)	PRJEB70514	SAMEA114719827	1638	1387	211		Rickettsia	96.74	0.45
ASM1662v1	GCA_000016625.1	GCF_000016625.1	Rickettsia massiliae MTU5	416276	Inconclusive		MTU5					Annotation submitted by CNRS		2014-01-30	1376184	2	2	Complete Genome	2007-10-04		1360898	1360898	2	32.5								CNRS	PRJNA18271	SAMN02603147	1441	980	422		Rickettsia massiliae	97.91	0.14
ASM1662v1	GCF_000016625.1	GCA_000016625.1	Rickettsia massiliae MTU5	416276	Inconclusive		MTU5					GCF_000016625.1-RS_2025_01_08	NCBI Prokaryotic Genome Annotation Pipeline (PGAP)	2025-01-08	1376184	2	2	Complete Genome	2007-10-04		1360898	1360898	2	32.5								CNRS	PRJNA18271	SAMN02603147	1588	1348	200		Rickettsia massiliae	97.91	0.14
ASM28417v1	GCA_000284175.1	GCF_000284175.1	Rickettsia montanensis str. OSU 85-930	1105114	Inconclusive		OSU 85-930					Annotation submitted by Los Alamos National Laboratory		2014-01-31	1279798	1	1	Complete Genome	2012-03-01		1279798	1279798	1	32.5								Los Alamos National Laboratory	PRJNA75045	SAMN02603562	1254	1217			Rickettsia	98.96	0.23
ASM28417v1	GCF_000284175.1	GCA_000284175.1	Rickettsia montanensis str. OSU 85-930	1105114	Inconclusive		OSU 85-930					GCF_000284175.1-RS_2025_01_08	NCBI Prokaryotic Genome Annotation Pipeline (PGAP)	2025-01-08	1279798	1	1	Complete Genome	2012-03-01		1279798	1279798	1	32.5								Los Alamos National Laboratory	PRJNA75045	SAMN02603562	1454	1286	128		Rickettsia	98.96	0.23
ASM2300v1	GCA_000023005.1	GCF_000023005.1	Rickettsia africae ESF-5	347255	Inconclusive		ESF-5					Annotation submitted by CNRS		2016-07-24	1290917	2	2	Complete Genome	2009-04-29		1278540	1278540	2	32.5								CNRS	PRJNA18269	SAMN02603146	1167	1041	87		Rickettsia	98.83	0.23
ASM2300v1	GCF_000023005.1	GCA_000023005.1	Rickettsia africae ESF-5	347255	Inconclusive		ESF-5					GCF_000023005.1-RS_2025_01_08	NCBI Prokaryotic Genome Annotation Pipeline (PGAP)	2025-01-08	1290917	2	2	Complete Genome	2009-04-29		1278540	1278540	2	32.5								CNRS	PRJNA18269	SAMN02603146	1493	1338	115		Rickettsia	98.83	0.23
ASM25236v1	GCA_000252365.1	GCF_000252365.1	Rickettsia slovaca str. D-CWPP	1105109	OK		D-CWPP					Annotation submitted by Los Alamos National Laboratory		2014-01-31	1275720	1	1	Complete Genome	2012-03-09		1275720	1275720	1	32.5								Los Alamos National Laboratory	PRJNA75033	SAMN02603557	1386	1347			Rickettsia slovaca	97.45	0.24
ASM25236v1	GCF_000252365.1	GCA_000252365.1	Rickettsia slovaca str. D-CWPP	1105109	OK		D-CWPP					GCF_000252365.1-RS_2026_01_08	NCBI Prokaryotic Genome Annotation Pipeline (PGAP)	2026-01-08	1275720	1	1	Complete Genome	2012-03-09		1275720	1275720	1	32.5								Los Alamos National Laboratory	PRJNA75033	SAMN02603557	1475	1338	97		Rickettsia slovaca	97.45	0.24
ASM1434v1	GCA_000014345.1	GCF_000014345.1	Rickettsia canadensis str. McKiel	293613	Inconclusive		McKiel					Annotation submitted by Univ. Iowa		2014-01-31	1159772	1	1	Complete Genome	2007-10-01		1159772	1159772	1	31								Univ. Iowa	PRJNA12952	SAMN02604083	1128	1093			Rickettsia canadensis	96.16	0.25
ASM1434v1	GCF_000014345.1	GCA_000014345.1	Rickettsia canadensis str. McKiel	293613	Inconclusive		McKiel					GCF_000014345.1-RS_2026_01_08	NCBI Prokaryotic Genome Annotation Pipeline (PGAP)	2026-01-08	1159772	1	1	Complete Genome	2007-10-01		1159772	1159772	1	31								Univ. Iowa	PRJNA12952	SAMN02604083	1092	942	110		Rickettsia canadensis	96.16	0.25
ASM27730v1	GCA_000277305.1	GCF_000277305.1	Rickettsia typhi str. B9991CWPP	1003202	OK		B9991CWPP					Annotation submitted by Los Alamos National Lab		2014-01-31	1112957	1	1	Complete Genome	2012-03-21		1112957	1112957	1	29								Los Alamos National Lab	PRJNA65221	SAMN02603530	875	839			Rickettsia typhi	98.16	0.11
ASM27730v1	GCF_000277305.1	GCA_000277305.1	Rickettsia typhi str. B9991CWPP	1003202	OK		B9991CWPP					GCF_000277305.1-RS_2026_01_08	NCBI Prokaryotic Genome Annotation Pipeline (PGAP)	2026-01-08	1112957	1	1	Complete Genome	2012-03-21		1112957	1112957	1	29								Los Alamos National Lab	PRJNA65221	SAMN02603530	878	808	30		Rickettsia typhi	98.16	0.11
ASM27728v1	GCA_000277285.1	GCF_000277285.1	Rickettsia typhi str. TH1527	1003201	OK		TH1527					Annotation submitted by Los Alamos National Lab		2014-01-31	1112372	1	1	Complete Genome	2012-03-21		1112372	1112372	1	29								Los Alamos National Lab	PRJNA65219	SAMN02603529	874	838			Rickettsia typhi	98.16	0.11
ASM27728v1	GCF_000277285.1	GCA_000277285.1	Rickettsia typhi str. TH1527	1003201	OK		TH1527					GCF_000277285.1-RS_2026_01_08	NCBI Prokaryotic Genome Annotation Pipeline (PGAP)	2026-01-08	1112372	1	1	Complete Genome	2012-03-21		1112372	1112372	1	29								Los Alamos National Lab	PRJNA65219	SAMN02603529	878	807	31		Rickettsia typhi	98.16	0.11
TM2540	GCA_900536895.1	GCF_900536895.1	Rickettsia typhi	785	OK					TM2540					1111939	1	1	Complete Genome	2018-10-22		1111939	1111939	1	29							Oxford Nanopore MinION and Illumina	OXFORD UNIVERSITY	PRJEB25678	SAMEA104711405					Rickettsia typhi	98.03	0.11
TM2540	GCF_900536895.1	GCA_900536895.1	Rickettsia typhi	785	OK					TM2540		GCF_900536895.1-RS_2026_01_08	NCBI Prokaryotic Genome Annotation Pipeline (PGAP)	2026-01-08	1111939	1	1	Complete Genome	2018-10-22		1111939	1111939	1	29							Oxford Nanopore MinION and Illumina	OXFORD UNIVERSITY	PRJEB25678	SAMEA104711405	878	805	33		Rickettsia typhi	98.03	0.11
ASM2152v1	GCA_000021525.1	GCF_000021525.1	Rickettsia peacockii str. Rustic	562019	Inconclusive		Rustic					Annotation submitted by U of MN Entomology		2014-01-31	1314898	2	2	Complete Genome	2009-05-29		1288492	1288492	2	32.5								U of MN Entomology	PRJNA31309	SAMN02604073	984	947			Rickettsia	97.83	0.22
ASM2152v1	GCF_000021525.1	GCA_000021525.1	Rickettsia peacockii str. Rustic	562019	Inconclusive		Rustic					GCF_000021525.1-RS_2025_01_08	NCBI Prokaryotic Genome Annotation Pipeline (PGAP)	2025-01-08	1314898	2	2	Complete Genome	2009-05-29		1288492	1288492	2	32.5								U of MN Entomology	PRJNA31309	SAMN02604073	1498	1299	159		Rickettsia	97.83	0.22
ASM28399v1	GCA_000283995.1	GCF_000283995.1	Rickettsia philipii str. 364D	481009	Inconclusive		364D					Annotation submitted by Los Alamos National Laboratory		2014-01-31	1287740	1	1	Complete Genome	2012-02-17		1287740	1287740	1	32.5								Los Alamos National Laboratory	PRJNA75027	SAMN02603554	1380	1344			Rickettsia	99.87	0.23
ASM28399v1	GCF_000283995.1	GCA_000283995.1	Rickettsia philipii str. 364D	481009	Inconclusive		364D					GCF_000283995.1-RS_2025_01_08	NCBI Prokaryotic Genome Annotation Pipeline (PGAP)	2025-01-08	1287740	1	1	Complete Genome	2012-02-17		1287740	1287740	1	32.5								Los Alamos National Laboratory	PRJNA75027	SAMN02603554	1462	1325	97		Rickettsia	99.87	0.23
idTheAcut1.Rickettsia_sp_1.1	GCA_964263195.1	GCF_964263195.1	Rickettsia endosymbiont of Thecocarcelia acutangulata	3066264	Inconclusive					54734					1464845	1	1	Complete Genome	2024-09-11		1464845	1464845	1	32.5							PacBio,Arima	WELLCOME SANGER INSTITUTE	PRJEB79946	SAMEA114450239					Rickettsia	97.8	0.11
idTheAcut1.Rickettsia_sp_1.1	GCF_964263195.1	GCA_964263195.1	Rickettsia endosymbiont of Thecocarcelia acutangulata	3066264	Inconclusive					54734		GCF_964263195.1-RS_2026_08_06	NCBI Prokaryotic Genome Annotation Pipeline (PGAP)	2026-08-06	1464845	1	1	Complete Genome	2024-09-11		1464845	1464845	1	32.5							PacBio,Arima	WELLCOME SANGER INSTITUTE	PRJEB79946	SAMEA114450239	1556	1341	175		Rickettsia	97.8	0.11
iyHedRose1.Rickettsia_sp_1.1	GCA_964028255.1	GCF_964028255.1	Rickettsia endosymbiont of Hedychridium roseum	3077927	Inconclusive					7e41b685-e200-4a5a-9853-fc85aaab8db7					1440782	1	1	Complete Genome	2024-04-17		1440782	1440782	1	32.5							PacBio,Arima	WELLCOME SANGER INSTITUTE	PRJEB74794	SAMEA115493065					Rickettsia	97.73	0.16
iyHedRose1.Rickettsia_sp_1.1	GCF_964028255.1	GCA_964028255.1	Rickettsia endosymbiont of Hedychridium roseum	3077927	Inconclusive					7e41b685-e200-4a5a-9853-fc85aaab8db7		GCF_964028255.1-RS_2026_07_23	NCBI Prokaryotic Genome Annotation Pipeline (PGAP)	2026-07-23	1440782	1	1	Complete Genome	2024-04-17		1440782	1440782	1	32.5							PacBio,Arima	WELLCOME SANGER INSTITUTE	PRJEB74794	SAMEA115493065	1665	1424	200		Rickettsia	97.73	0.16
idVilMode1.Rickettsia_sp_1.1	GCA_964026485.1	GCF_964026485.1	Rickettsia endosymbiont of Villa modesta	3066256	Inconclusive					54725					1428869	1	1	Complete Genome	2024-04-13		1428869	1428869	1	32							PacBio	WELLCOME SANGER INSTITUTE	PRJEB74798	SAMEA114450230					Rickettsia	97.14	1.21
idVilMode1.Rickettsia_sp_1.1	GCF_964026485.1	GCA_964026485.1	Rickettsia endosymbiont of Villa modesta	3066256	Inconclusive					54725		GCF_964026485.1-RS_2026_07_23	NCBI Prokaryotic Genome Annotation Pipeline (PGAP)	2026-07-23	1428869	1	1	Complete Genome	2024-04-13		1428869	1428869	1	32							PacBio	WELLCOME SANGER INSTITUTE	PRJEB74798	SAMEA114450230	1627	1386	200		Rickettsia	97.14	1.21
ASM5579126v1	GCA_055791265.1	GCF_055791265.1	Rickettsia sp. 109562A South Dakota	3378095	OK		109562A South Dakota					NCBI Prokaryotic Genome Annotation Pipeline (PGAP)	NCBI Prokaryotic Genome Annotation Pipeline (PGAP)	2025-12-29	1391187	2	2	Complete Genome	2026-03-10	JBTEYY01	1285581	1285581	2	32.5							PacBio Sequel	Centers for Disease Control and Prevention	PRJNA1180067	SAMN44512311	1522	1363	119		Rickettsia	98.27	0.09
ASM5579126v1	GCF_055791265.1	GCA_055791265.1	Rickettsia sp. 109562A South Dakota	3378095	OK		109562A South Dakota					GCF_055791265.1-RS_2026_03_11	NCBI Prokaryotic Genome Annotation Pipeline (PGAP)	2026-03-11	1391187	2	2	Complete Genome	2026-03-11	JBTEYY01	1285581	1285581	2	32.5							PacBio Sequel	Centers for Disease Control and Prevention	PRJNA1180067	SAMN44512311	1524	1364	120		Rickettsia	98.27	0.09
ASM4966812v1	GCA_049668125.1	GCF_049668125.1	Rickettsia finnyi	3348345	OK		2024-CO-Wats-2					NCBI Prokaryotic Genome Annotation Pipeline (PGAP)	NCBI Prokaryotic Genome Annotation Pipeline (PGAP)	2025-04-10	1270764	1	1	Complete Genome	2025-04-16		1270764	1270764	1	32.5							PacBio	North Carolina State University, College of Veterinary Medicine	PRJNA1162074	SAMN47766695	1425	1234	151		Rickettsia	99.4	0.23
ASM4966812v1	GCF_049668125.1	GCA_049668125.1	Rickettsia finnyi	3348345	OK		2024-CO-Wats-2					GCF_049668125.1-RS_2025_04_17	NCBI Prokaryotic Genome Annotation Pipeline (PGAP)	2025-04-17	1270764	1	1	Complete Genome	2025-04-16		1270764	1270764	1	32.5							PacBio	North Carolina State University, College of Veterinary Medicine	PRJNA1162074	SAMN47766695	1426	1234	152		Rickettsia	99.4	0.23
ASM3029534v1	GCA_030295345.1	GCF_030295345.1	Candidatus Rickettsia kotlanii	356939	Inconclusive		FLA-4					Annotation submitted by Department of Bacteriology, Faculty of Medical Sciences, Kyushu University		2023-01-31	1204165	1	1	Complete Genome	2023-01-30		1204165	1204165	1	32							Illumina MiSeq	Department of Bacteriology, Faculty of Medical Sciences, Kyushu University	PRJDB14897	SAMD00562492	1279	1242			Rickettsia	99.4	
ASM3029534v1	GCF_030295345.1	GCA_030295345.1	Candidatus Rickettsia kotlanii	356939	Inconclusive		FLA-4					GCF_030295345.1-RS_2026_07_23	NCBI Prokaryotic Genome Annotation Pipeline (PGAP)	2026-07-23	1204165	1	1	Complete Genome	2023-01-30		1204165	1204165	1	32							Illumina MiSeq	Department of Bacteriology, Faculty of Medical Sciences, Kyushu University	PRJDB14897	SAMD00562492	1332	1134	158		Rickettsia	99.4	
ASM3029536v1	GCA_030295365.1	GCF_030295365.1	Candidatus Rickettsia kotlanii	356939	Inconclusive		HM-2					Annotation submitted by Department of Bacteriology, Faculty of Medical Sciences, Kyushu University		2023-01-31	1204030	1	1	Complete Genome	2023-01-30		1204030	1204030	1	32							Illumina MiSeq	Department of Bacteriology, Faculty of Medical Sciences, Kyushu University	PRJDB14897	SAMD00562491	1279	1242			Rickettsia	99.4	
ASM3029536v1	GCF_030295365.1	GCA_030295365.1	Candidatus Rickettsia kotlanii	356939	Inconclusive		HM-2					GCF_030295365.1-RS_2026_07_23	NCBI Prokaryotic Genome Annotation Pipeline (PGAP)	2026-07-23	1204030	1	1	Complete Genome	2023-01-30		1204030	1204030	1	32							Illumina MiSeq	Department of Bacteriology, Faculty of Medical Sciences, Kyushu University	PRJDB14897	SAMD00562491	1332	1134	158		Rickettsia	99.4	
ASM94095v1	GCA_000940955.1	GCF_000940955.1	Rickettsia conorii subsp. raoultii	369822	OK		Khabarovsk					NCBI Prokaryotic Genome Annotation Pipeline (PGAP)	NCBI Prokaryotic Genome Annotation Pipeline (PGAP)	2015-02-26	1483284	4	5	Chromosome	2015-03-04		826963	1344642	4	32.5							Illumina; 454	Aix-Marseille Universite	PRJNA276402	SAMN03372504	1610	1186	387	assembly from type material	Rickettsia	98.55	1.08
ASM94095v1	GCF_000940955.1	GCA_000940955.1	Rickettsia conorii subsp. raoultii	369822	OK		Khabarovsk					GCF_000940955.1-RS_2026_01_09	NCBI Prokaryotic Genome Annotation Pipeline (PGAP)	2026-01-09	1483284	4	5	Chromosome	2015-03-04		826963	1344642	4	32.5							Illumina; 454	Aix-Marseille Universite	PRJNA276402	SAMN03372504	1683	1447	196	assembly from type material	Rickettsia	98.55	1.08
ASM197518v1	GCA_001975185.1	GCF_001975185.1	Rickettsia conorii subsp. raoultii	369822	OK		IM16					NCBI Prokaryotic Genome Annotation Pipeline (PGAP)	NCBI Prokaryotic Genome Annotation Pipeline (PGAP)	2017-01-23	1344557	1	2	Chromosome	2017-01-30		826963	1344557	1	32.5							IonTorrent	State Key Laboratory of Pathogen and Biosecurity	PRJNA362804	SAMN06249243	1568	1184	344		Rickettsia	97.5	0.4
ASM197518v1	GCF_001975185.1	GCA_001975185.1	Rickettsia conorii subsp. raoultii	369822	OK		IM16					GCF_001975185.1-RS_2026_01_09	NCBI Prokaryotic Genome Annotation Pipeline (PGAP)	2026-01-09	1344557	1	2	Chromosome	2017-01-30		826963	1344557	1	32.5							IonTorrent	State Key Laboratory of Pathogen and Biosecurity	PRJNA362804	SAMN06249243	1529	1314	175		Rickettsia	97.5	0.4
ASM235681v1	GCA_002356815.1	GCF_002356815.1	Rickettsia japonica	35790	OK		M14012								1284421	1	2	Chromosome	2017-01-23		1190031	1284421	1	32.5							Illumina MiSeq; ABI 3730	Department of Microbiology, Graduate School of Medical and Dental Sciences, Kagoshima University	PRJDB4932	SAMD00053867					Rickettsia	99.7	
ASM235681v1	GCF_002356815.1	GCA_002356815.1	Rickettsia japonica	35790	OK		M14012					GCF_002356815.1-RS_2026_01_08	NCBI Prokaryotic Genome Annotation Pipeline (PGAP)	2026-01-08	1284421	1	2	Chromosome	2017-01-23		1190031	1284421	1	32.5							Illumina MiSeq; ABI 3730	Department of Microbiology, Graduate School of Medical and Dental Sciences, Kagoshima University	PRJDB4932	SAMD00053867	1466	1286	140		Rickettsia	99.7	
ASM235677v1	GCA_002356775.1	GCF_002356775.1	Rickettsia japonica	35790	OK		M99015								1284150	1	2	Chromosome	2017-01-23		1189760	1284150	1	32.5							Illumina MiSeq; ABI 3730	Department of Microbiology, Graduate School of Medical and Dental Sciences, Kagoshima University	PRJDB4932	SAMD00053850					Rickettsia	99.7	
ASM235677v1	GCF_002356775.1	GCA_002356775.1	Rickettsia japonica	35790	OK		M99015					GCF_002356775.1-RS_2026_01_08	NCBI Prokaryotic Genome Annotation Pipeline (PGAP)	2026-01-08	1284150	1	2	Chromosome	2017-01-23		1189760	1284150	1	32.5							Illumina MiSeq; ABI 3730	Department of Microbiology, Graduate School of Medical and Dental Sciences, Kagoshima University	PRJDB4932	SAMD00053850	1467	1287	140		Rickettsia	99.7	
ASM235687v1	GCA_002356875.1	GCF_002356875.1	Rickettsia japonica	35790	OK		M08024								1284029	1	2	Chromosome	2017-01-23		1189639	1284029	1	32.5							Illumina MiSeq; ABI 3730	Department of Microbiology, Graduate School of Medical and Dental Sciences, Kagoshima University	PRJDB4932	SAMD00053860					Rickettsia	99.7	
ASM235687v1	GCF_002356875.1	GCA_002356875.1	Rickettsia japonica	35790	OK		M08024					GCF_002356875.1-RS_2026_01_09	NCBI Prokaryotic Genome Annotation Pipeline (PGAP)	2026-01-09	1284029	1	2	Chromosome	2017-01-23		1189639	1284029	1	32.5							Illumina MiSeq; ABI 3730	Department of Microbiology, Graduate School of Medical and Dental Sciences, Kagoshima University	PRJDB4932	SAMD00053860	1461	1281	140		Rickettsia	99.7	
ASM235693v1	GCA_002356935.1	GCF_002356935.1	Rickettsia japonica	35790	OK		HH06125								1284028	1	2	Chromosome	2017-01-23		1189638	1284028	1	32.5							Illumina MiSeq; ABI 3730	Department of Microbiology, Graduate School of Medical and Dental Sciences, Kagoshima University	PRJDB4932	SAMD00053854					Rickettsia	99.7	
ASM235693v1	GCF_002356935.1	GCA_002356935.1	Rickettsia japonica	35790	OK		HH06125					GCF_002356935.1-RS_2026_01_08	NCBI Prokaryotic Genome Annotation Pipeline (PGAP)	2026-01-08	1284028	1	2	Chromosome	2017-01-23		1189638	1284028	1	32.5							Illumina MiSeq; ABI 3730	Department of Microbiology, Graduate School of Medical and Dental Sciences, Kagoshima University	PRJDB4932	SAMD00053854	1464	1281	143		Rickettsia	99.7	
ASM235695v1	GCA_002356955.1	GCF_002356955.1	Rickettsia japonica	35790	OK		HH06116								1284027	1	2	Chromosome	2017-01-23		1189638	1284027	1	32.5							Illumina MiSeq; ABI 3730	Department of Microbiology, Graduate School of Medical and Dental Sciences, Kagoshima University	PRJDB4932	SAMD00053855					Rickettsia	99.7	
ASM235695v1	GCF_002356955.1	GCA_002356955.1	Rickettsia japonica	35790	OK		HH06116					GCF_002356955.1-RS_2026_01_08	NCBI Prokaryotic Genome Annotation Pipeline (PGAP)	2026-01-08	1284027	1	2	Chromosome	2017-01-23		1189638	1284027	1	32.5							Illumina MiSeq; ABI 3730	Department of Microbiology, Graduate School of Medical and Dental Sciences, Kagoshima University	PRJDB4932	SAMD00053855	1464	1281	143		Rickettsia	99.7	
ASM235675v1	GCA_002356755.1	GCF_002356755.1	Rickettsia japonica	35790	OK		M99023								1284027	1	2	Chromosome	2017-01-23		1189637	1284027	1	32.5							Illumina MiSeq; ABI 3730	Department of Microbiology, Graduate School of Medical and Dental Sciences, Kagoshima University	PRJDB4932	SAMD00053852					Rickettsia	99.7	
ASM235675v1	GCF_002356755.1	GCA_002356755.1	Rickettsia japonica	35790	OK		M99023					GCF_002356755.1-RS_2026_01_08	NCBI Prokaryotic Genome Annotation Pipeline (PGAP)	2026-01-08	1284027	1	2	Chromosome	2017-01-23		1189637	1284027	1	32.5							Illumina MiSeq; ABI 3730	Department of Microbiology, Graduate School of Medical and Dental Sciences, Kagoshima University	PRJDB4932	SAMD00053852	1467	1287	140		Rickettsia	99.7	
ASM235671v1	GCA_002356715.1	GCF_002356715.1	Rickettsia japonica	35790	OK		SR1567								1284005	1	2	Chromosome	2017-01-23		1189615	1284005	1	32.5							Illumina MiSeq; ABI 3730	Department of Microbiology, Graduate School of Medical and Dental Sciences, Kagoshima University	PRJDB4932	SAMD00053849					Rickettsia	99.7	
ASM235671v1	GCF_002356715.1	GCA_002356715.1	Rickettsia japonica	35790	OK		SR1567					GCF_002356715.1-RS_2026_01_08	NCBI Prokaryotic Genome Annotation Pipeline (PGAP)	2026-01-08	1284005	1	2	Chromosome	2017-01-23		1189615	1284005	1	32.5							Illumina MiSeq; ABI 3730	Department of Microbiology, Graduate School of Medical and Dental Sciences, Kagoshima University	PRJDB4932	SAMD00053849	1467	1284	143		Rickettsia	99.7	
ASM235685v1	GCA_002356855.1	GCF_002356855.1	Rickettsia japonica	35790	OK		M11012								1283994	1	2	Chromosome	2017-01-23		1189604	1283994	1	32.5							Illumina MiSeq; ABI 3730	Department of Microbiology, Graduate School of Medical and Dental Sciences, Kagoshima University	PRJDB4932	SAMD00053864					Rickettsia	99.7	
ASM235685v1	GCF_002356855.1	GCA_002356855.1	Rickettsia japonica	35790	OK		M11012					GCF_002356855.1-RS_2026_01_08	NCBI Prokaryotic Genome Annotation Pipeline (PGAP)	2026-01-08	1283994	1	2	Chromosome	2017-01-23		1189604	1283994	1	32.5							Illumina MiSeq; ABI 3730	Department of Microbiology, Graduate School of Medical and Dental Sciences, Kagoshima University	PRJDB4932	SAMD00053864	1465	1283	142		Rickettsia	99.7	
ASM235691v1	GCA_002356915.1	GCF_002356915.1	Rickettsia japonica	35790	OK		LON-151								1283994	1	2	Chromosome	2017-01-23		1189604	1283994	1	32.5							Illumina MiSeq; ABI 3730	Department of Microbiology, Graduate School of Medical and Dental Sciences, Kagoshima University	PRJDB4932	SAMD00053859					Rickettsia	99.7	
ASM235691v1	GCF_002356915.1	GCA_002356915.1	Rickettsia japonica	35790	OK		LON-151					GCF_002356915.1-RS_2026_01_08	NCBI Prokaryotic Genome Annotation Pipeline (PGAP)	2026-01-08	1283994	1	2	Chromosome	2017-01-23		1189604	1283994	1	32.5							Illumina MiSeq; ABI 3730	Department of Microbiology, Graduate School of Medical and Dental Sciences, Kagoshima University	PRJDB4932	SAMD00053859	1466	1284	142		Rickettsia	99.7	
ASM235699v1	GCA_002356995.1	GCF_002356995.1	Rickettsia japonica	35790	OK		HH-17								1283946	1	2	Chromosome	2017-01-23		1189604	1283946	1	32.5							Illumina MiSeq; ABI 3730	Department of Microbiology, Graduate School of Medical and Dental Sciences, Kagoshima University	PRJDB4932	SAMD00053862					Rickettsia	99.7	
ASM235699v1	GCF_002356995.1	GCA_002356995.1	Rickettsia japonica	35790	OK		HH-17					GCF_002356995.1-RS_2026_01_08	NCBI Prokaryotic Genome Annotation Pipeline (PGAP)	2026-01-08	1283946	1	2	Chromosome	2017-01-23		1189604	1283946	1	32.5							Illumina MiSeq; ABI 3730	Department of Microbiology, Graduate School of Medical and Dental Sciences, Kagoshima University	PRJDB4932	SAMD00053862	1464	1281	143		Rickettsia	99.7	
ASM235701v1	GCA_002357015.1	GCF_002357015.1	Rickettsia japonica	35790	OK		HH-16								1283910	1	2	Chromosome	2017-01-23		1189568	1283910	1	32.5							Illumina MiSeq; ABI 3730	Department of Microbiology, Graduate School of Medical and Dental Sciences, Kagoshima University	PRJDB4932	SAMD00053861					Rickettsia	99.7	
ASM235701v1	GCF_002357015.1	GCA_002357015.1	Rickettsia japonica	35790	OK		HH-16					GCF_002357015.1-RS_2026_01_09	NCBI Prokaryotic Genome Annotation Pipeline (PGAP)	2026-01-09	1283910	1	2	Chromosome	2017-01-23		1189568	1283910	1	32.5							Illumina MiSeq; ABI 3730	Department of Microbiology, Graduate School of Medical and Dental Sciences, Kagoshima University	PRJDB4932	SAMD00053861	1466	1283	143		Rickettsia	99.7	
ASM235673v1	GCA_002356735.1	GCF_002356735.1	Rickettsia japonica	35790	OK		M99123								1283910	1	2	Chromosome	2017-01-23		1189520	1283910	1	32.5							Illumina MiSeq; ABI 3730	Department of Microbiology, Graduate School of Medical and Dental Sciences, Kagoshima University	PRJDB4932	SAMD00053851					Rickettsia	99.7	
ASM235673v1	GCF_002356735.1	GCA_002356735.1	Rickettsia japonica	35790	OK		M99123					GCF_002356735.1-RS_2026_01_08	NCBI Prokaryotic Genome Annotation Pipeline (PGAP)	2026-01-08	1283910	1	2	Chromosome	2017-01-23		1189520	1283910	1	32.5							Illumina MiSeq; ABI 3730	Department of Microbiology, Graduate School of Medical and Dental Sciences, Kagoshima University	PRJDB4932	SAMD00053851	1465	1283	142		Rickettsia	99.7	
ASM235683v1	GCA_002356835.1	GCF_002356835.1	Rickettsia japonica	35790	OK		M13010								1283908	1	2	Chromosome	2017-01-23		1189518	1283908	1	32.5							Illumina MiSeq; ABI 3730	Department of Microbiology, Graduate School of Medical and Dental Sciences, Kagoshima University	PRJDB4932	SAMD00053866					Rickettsia	99.7	
ASM235683v1	GCF_002356835.1	GCA_002356835.1	Rickettsia japonica	35790	OK		M13010					GCF_002356835.1-RS_2026_01_08	NCBI Prokaryotic Genome Annotation Pipeline (PGAP)	2026-01-08	1283908	1	2	Chromosome	2017-01-23		1189518	1283908	1	32.5							Illumina MiSeq; ABI 3730	Department of Microbiology, Graduate School of Medical and Dental Sciences, Kagoshima University	PRJDB4932	SAMD00053866	1465	1282	143		Rickettsia	99.7	
ASM235697v1	GCA_002356975.1	GCF_002356975.1	Rickettsia japonica	35790	OK		HH-18								1283742	1	2	Chromosome	2017-01-23		1189400	1283742	1	32.5							Illumina MiSeq; ABI 3730	Department of Microbiology, Graduate School of Medical and Dental Sciences, Kagoshima University	PRJDB4932	SAMD00053863					Rickettsia	99.7	
ASM235697v1	GCF_002356975.1	GCA_002356975.1	Rickettsia japonica	35790	OK		HH-18					GCF_002356975.1-RS_2026_01_08	NCBI Prokaryotic Genome Annotation Pipeline (PGAP)	2026-01-08	1283742	1	2	Chromosome	2017-01-23		1189400	1283742	1	32.5							Illumina MiSeq; ABI 3730	Department of Microbiology, Graduate School of Medical and Dental Sciences, Kagoshima University	PRJDB4932	SAMD00053863	1465	1282	143		Rickettsia	99.7	
ASM235689v1	GCA_002356895.1	GCF_002356895.1	Rickettsia japonica	35790	OK		M00021								1283786	1	2	Chromosome	2017-01-23		1189396	1283786	1	32.5							Illumina MiSeq; ABI 3730	Department of Microbiology, Graduate School of Medical and Dental Sciences, Kagoshima University	PRJDB4932	SAMD00053853					Rickettsia	99.7	
ASM235689v1	GCF_002356895.1	GCA_002356895.1	Rickettsia japonica	35790	OK		M00021					GCF_002356895.1-RS_2026_01_08	NCBI Prokaryotic Genome Annotation Pipeline (PGAP)	2026-01-08	1283786	1	2	Chromosome	2017-01-23		1189396	1283786	1	32.5							Illumina MiSeq; ABI 3730	Department of Microbiology, Graduate School of Medical and Dental Sciences, Kagoshima University	PRJDB4932	SAMD00053853	1465	1281	144		Rickettsia	99.7	
ASM235703v1	GCA_002357035.1	GCF_002357035.1	Rickettsia japonica	35790	OK		HH-13								1283612	1	2	Chromosome	2017-01-23		1189222	1283612	1	32.5							Illumina MiSeq; ABI 3730	Department of Microbiology, Graduate School of Medical and Dental Sciences, Kagoshima University	PRJDB4932	SAMD00053857					Rickettsia	99.7	
ASM235703v1	GCF_002357035.1	GCA_002357035.1	Rickettsia japonica	35790	OK		HH-13					GCF_002357035.1-RS_2026_01_08	NCBI Prokaryotic Genome Annotation Pipeline (PGAP)	2026-01-08	1283612	1	2	Chromosome	2017-01-23		1189222	1283612	1	32.5							Illumina MiSeq; ABI 3730	Department of Microbiology, Graduate School of Medical and Dental Sciences, Kagoshima University	PRJDB4932	SAMD00053857	1467	1284	143		Rickettsia	99.7	
ASM235705v1	GCA_002357055.1	GCF_002357055.1	Rickettsia japonica	35790	OK		HH-12								1283528	1	2	Chromosome	2017-01-23		1189138	1283528	1	32.5							Illumina MiSeq; ABI 3730	Department of Microbiology, Graduate School of Medical and Dental Sciences, Kagoshima University	PRJDB4932	SAMD00053856					Rickettsia	99.7	
ASM235705v1	GCF_002357055.1	GCA_002357055.1	Rickettsia japonica	35790	OK		HH-12					GCF_002357055.1-RS_2026_01_08	NCBI Prokaryotic Genome Annotation Pipeline (PGAP)	2026-01-08	1283528	1	2	Chromosome	2017-01-23		1189138	1283528	1	32.5							Illumina MiSeq; ABI 3730	Department of Microbiology, Graduate School of Medical and Dental Sciences, Kagoshima University	PRJDB4932	SAMD00053856	1467	1284	143		Rickettsia	99.7	
ASM235707v1	GCA_002357075.1	GCF_002357075.1	Rickettsia japonica	35790	OK		3416								1283464	1	2	Chromosome	2017-01-23		1189074	1283464	1	32.5							Illumina MiSeq; ABI 3730	Department of Microbiology, Graduate School of Medical and Dental Sciences, Kagoshima University	PRJDB4932	SAMD00053865					Rickettsia	99.7	
ASM235707v1	GCF_002357075.1	GCA_002357075.1	Rickettsia japonica	35790	OK		3416					GCF_002357075.1-RS_2026_01_08	NCBI Prokaryotic Genome Annotation Pipeline (PGAP)	2026-01-08	1283464	1	2	Chromosome	2017-01-23		1189074	1283464	1	32.5							Illumina MiSeq; ABI 3730	Department of Microbiology, Graduate School of Medical and Dental Sciences, Kagoshima University	PRJDB4932	SAMD00053865	1467	1285	142		Rickettsia	99.7	
ASM235709v1	GCA_002357095.1	GCF_002357095.1	Rickettsia japonica	35790	OK		2763								1283461	1	2	Chromosome	2017-01-23		1189071	1283461	1	32.5							Illumina MiSeq; ABI 3730	Department of Microbiology, Graduate School of Medical and Dental Sciences, Kagoshima University	PRJDB4932	SAMD00053858					Rickettsia	99.7	
ASM235709v1	GCF_002357095.1	GCA_002357095.1	Rickettsia japonica	35790	OK		2763					GCF_002357095.1-RS_2026_01_09	NCBI Prokaryotic Genome Annotation Pipeline (PGAP)	2026-01-09	1283461	1	2	Chromosome	2017-01-23		1189071	1283461	1	32.5							Illumina MiSeq; ABI 3730	Department of Microbiology, Graduate School of Medical and Dental Sciences, Kagoshima University	PRJDB4932	SAMD00053858	1464	1281	143		Rickettsia	99.7	
ASM235679v1	GCA_002356795.1	GCF_002356795.1	Rickettsia japonica	35790	OK		M14024								1283336	1	2	Chromosome	2017-01-23		1188946	1283336	1	32.5							Illumina MiSeq; ABI 3730	Department of Microbiology, Graduate School of Medical and Dental Sciences, Kagoshima University	PRJDB4932	SAMD00053868					Rickettsia	99.7	
ASM235679v1	GCF_002356795.1	GCA_002356795.1	Rickettsia japonica	35790	OK		M14024					GCF_002356795.1-RS_2026_01_09	NCBI Prokaryotic Genome Annotation Pipeline (PGAP)	2026-01-09	1283336	1	2	Chromosome	2017-01-23		1188946	1283336	1	32.5							Illumina MiSeq; ABI 3730	Department of Microbiology, Graduate School of Medical and Dental Sciences, Kagoshima University	PRJDB4932	SAMD00053868	1479	1297	142		Rickettsia	99.7	
ASM28383v1	GCA_000283835.1	GCF_000283835.1	Rickettsia rickettsii str. Hauke	1105103	OK		Hauke					Annotation submitted by Los Alamos National Laboratory		2014-01-31	1269774	1	2	Chromosome	2012-02-17		1192372	1269774	1	32.5								Los Alamos National Laboratory	PRJNA75021	SAMN02603551	1377	1340			Rickettsia rickettsii	98.77	0.22
ASM28383v1	GCF_000283835.1	GCA_000283835.1	Rickettsia rickettsii str. Hauke	1105103	OK		Hauke					GCF_000283835.1-RS_2026_01_08	NCBI Prokaryotic Genome Annotation Pipeline (PGAP)	2026-01-08	1269774	1	2	Chromosome	2012-02-17		1192372	1269774	1	32.5								Los Alamos National Laboratory	PRJNA75021	SAMN02603551	1458	1323	94		Rickettsia rickettsii	98.77	0.22
ASM27722v1	GCA_000277225.1	GCF_000277225.1	Rickettsia prowazekii str. Dachau	1105097	OK		Dachau					Annotation submitted by Los Alamos National Laboratory		2017-05-05	1109051	1	2	Chromosome	2012-03-21		941223	1109051	1	29								Los Alamos National Laboratory	PRJNA75005	SAMN02603545	875	839			Rickettsia prowazekii	95.58	0.27
ASM27722v1	GCF_000277225.1	GCA_000277225.1	Rickettsia prowazekii str. Dachau	1105097	OK		Dachau					GCF_000277225.1-RS_2026_01_08	NCBI Prokaryotic Genome Annotation Pipeline (PGAP)	2026-01-08	1109051	1	2	Chromosome	2012-03-21		941223	1109051	1	29								Los Alamos National Laboratory	PRJNA75005	SAMN02603545	888	814	34		Rickettsia prowazekii	95.58	0.27
ASM28385v1	GCA_000283855.1	GCF_000283855.1	Rickettsia massiliae str. AZT80	1105112	Inconclusive		AZT80					Annotation submitted by Los Alamos National Laboratory		2016-07-26	1278719	2	3	Chromosome	2012-02-17		656826	1263719	2	32.5								Los Alamos National Laboratory	PRJNA75039	SAMN02603559	1243	1207			Rickettsia massiliae	96.33	0.11
ASM28385v1	GCF_000283855.1	GCA_000283855.1	Rickettsia massiliae str. AZT80	1105112	Inconclusive		AZT80					GCF_000283855.1-RS_2025_01_08	NCBI Prokaryotic Genome Annotation Pipeline (PGAP)	2025-01-08	1278719	2	3	Chromosome	2012-02-17		656826	1263719	2	32.5								Los Alamos National Laboratory	PRJNA75039	SAMN02603559	1461	1247	175		Rickettsia massiliae	96.33	0.11
ASM25535v1	GCA_000255355.1	GCF_000255355.1	Rickettsia helvetica C9P9	1144888	Inconclusive		C9P9								1417115	2	2	Chromosome	2012-04-05	AICO01	1369827	1369927	2	32							454 GS-FLX Titanium	CNRS UMR 6236, Faculté de médecine, Université de la Méditerranée	PRJNA82855	SAMN02471333					Rickettsia	94.93	0.38
ASM25535v1	GCF_000255355.1	GCA_000255355.1	Rickettsia helvetica C9P9	1144888	Inconclusive		C9P9					GCF_000255355.1-RS_2026_01_08	NCBI Prokaryotic Genome Annotation Pipeline (PGAP)	2026-01-08	1417115	2	2	Chromosome	2012-04-05	AICO01	1369827	1369927	2	32							454 GS-FLX Titanium	CNRS UMR 6236, Faculté de médecine, Université de la Méditerranée	PRJNA82855	SAMN02471333	1641	1369	232		Rickettsia	94.93	0.38
ASM16073v1	GCA_000160735.1	GCF_000160735.1	Rickettsia endosymbiont of Ixodes scapularis	444612	Inconclusive					REIS		Annotation submitted by JCVI		2019-12-18	2100092	5	135	Chromosome	2009-06-15	ACLC01	55147	1823326	20	32.5								JCVI	PRJNA33979	SAMN02436262	2283	2117	123		Rickettsia	86.94	2.92
ASM16073v1	GCF_000160735.1	GCA_000160735.1	Rickettsia endosymbiont of Ixodes scapularis	444612	Inconclusive					REIS		GCF_000160735.1-RS_2025_01_08	NCBI Prokaryotic Genome Annotation Pipeline (PGAP)	2025-01-08	2100092	5	135	Chromosome	2009-06-15	ACLC01	55147	1823326	20	32.5								JCVI	PRJNA33979	SAMN02436262	2296	1847	409		Rickettsia	86.94	2.92
ASM4275794v1	GCA_042757945.1	GCF_042757945.1	Rickettsia sibirica	35793	OK		BJ93					NCBI Prokaryotic Genome Annotation Pipeline (PGAP)	NCBI Prokaryotic Genome Annotation Pipeline (PGAP)	2024-10-02	1257050	1	1	Complete Genome	2024-10-08		1257050	1257050	1	32.5							Illumina HiSeq; Oxford Nanopore	Chinese Center for Disease Control and Prevention	PRJNA1163524	SAMN43852514	1487	1193	254		Rickettsia	83.14	
ASM4275794v1	GCF_042757945.1	GCA_042757945.1	Rickettsia sibirica	35793	OK		BJ93					GCF_042757945.1-RS_2024_10_09	NCBI Prokaryotic Genome Annotation Pipeline (PGAP)	2024-10-09	1257050	1	1	Complete Genome	2024-10-08		1257050	1257050	1	32.5							Illumina HiSeq; Oxford Nanopore	Chinese Center for Disease Control and Prevention	PRJNA1163524	SAMN43852514	1487	1193	254		Rickettsia	83.14	
